id,name,vacancy_urls,vacancy_count
80,Альфа-Банк,"https://hh.ru/vacancy/102050413, https://hh.ru/vacancy/101347505, https://hh.ru/vacancy/101687144, https://hh.ru/vacancy/101883781, https://hh.ru/vacancy/101810902, https://hh.ru/vacancy/100610152, https://hh.ru/vacancy/102051887, https://hh.ru/vacancy/99306963, https://hh.ru/vacancy/101367654, https://hh.ru/vacancy/102099305, https://hh.ru/vacancy/101699967, https://hh.ru/vacancy/99952204, https://hh.ru/vacancy/101702707",13
3732298,ЦМТ,"https://hh.ru/vacancy/100066692, https://hh.ru/vacancy/102044571, https://hh.ru/vacancy/100221849, https://hh.ru/vacancy/101597446, https://hh.ru/vacancy/101899363, https://hh.ru/vacancy/101741970, https://hh.ru/vacancy/101741907, https://hh.ru/vacancy/99657636, https://hh.ru/vacancy/101899219, https://hh.ru/vacancy/101742026, https://hh.ru/vacancy/101725423",11
57770,Мария-Ра,"https://hh.ru/vacancy/101899494, https://hh.ru/vacancy/101848001, https://hh.ru/vacancy/99831583, https://hh.ru/vacancy/100281430, https://hh.ru/vacancy/102070832, https://hh.ru/vacancy/89247763, https://hh.ru/vacancy/101899289, https://hh.ru/vacancy/102071391, https://hh.ru/vacancy/102044444, https://hh.ru/vacancy/100663711, https://hh.ru/vacancy/101833086",11
3529,СБЕР,"https://hh.ru/vacancy/101214033, https://hh.ru/vacancy/98323373, https://hh.ru/vacancy/101600871, https://hh.ru/vacancy/95785573, https://hh.ru/vacancy/92300333, https://hh.ru/vacancy/98452964, https://hh.ru/vacancy/101469614, https://hh.ru/vacancy/100073873, https://hh.ru/vacancy/100073985, https://hh.ru/vacancy/101633005",10
4387062,ТПК Техносибирь,"https://hh.ru/vacancy/92558949, https://hh.ru/vacancy/92558945, https://hh.ru/vacancy/101606776, https://hh.ru/vacancy/98703837, https://hh.ru/vacancy/101811983, https://hh.ru/vacancy/102146995, https://hh.ru/vacancy/101896308, https://hh.ru/vacancy/100456264, https://hh.ru/vacancy/101471589, https://hh.ru/vacancy/99970448",10
10605371,Центр занятости населения по городу Барнаулу,"https://hh.ru/vacancy/101468470, https://hh.ru/vacancy/100474628, https://hh.ru/vacancy/98464034, https://hh.ru/vacancy/100290080, https://hh.ru/vacancy/102173958, https://hh.ru/vacancy/100468133, https://hh.ru/vacancy/101810709, https://hh.ru/vacancy/96488631, https://hh.ru/vacancy/101810696",9
2366606,ГК Союз,"https://hh.ru/vacancy/101900529, https://hh.ru/vacancy/100579125, https://hh.ru/vacancy/100674166, https://hh.ru/vacancy/100807595, https://hh.ru/vacancy/101080030, https://hh.ru/vacancy/101602394, https://hh.ru/vacancy/101894452, https://hh.ru/vacancy/101029104",8
2140283,Алтайский Стоматологический Центр Семья,"https://hh.ru/vacancy/100794127, https://hh.ru/vacancy/101411162, https://hh.ru/vacancy/101467225, https://hh.ru/vacancy/101899744, https://hh.ru/vacancy/100699849, https://hh.ru/vacancy/100480798, https://hh.ru/vacancy/101466751, https://hh.ru/vacancy/101048360",8
3201358,Гостиница Барнаул,"https://hh.ru/vacancy/99562667, https://hh.ru/vacancy/92796492, https://hh.ru/vacancy/101043734, https://hh.ru/vacancy/102062588, https://hh.ru/vacancy/97400869, https://hh.ru/vacancy/101043757, https://hh.ru/vacancy/95487912, https://hh.ru/vacancy/102151380",8
1053646,"Makk, ТД Автохит","https://hh.ru/vacancy/98511647, https://hh.ru/vacancy/101897346, https://hh.ru/vacancy/101815353, https://hh.ru/vacancy/94376375, https://hh.ru/vacancy/95849136, https://hh.ru/vacancy/100304566, https://hh.ru/vacancy/98511620, https://hh.ru/vacancy/89121188",8
5360311,АлтайАвтономГаз,"https://hh.ru/vacancy/101840610, https://hh.ru/vacancy/101839883, https://hh.ru/vacancy/99918585, https://hh.ru/vacancy/101840612, https://hh.ru/vacancy/101840611, https://hh.ru/vacancy/101840390, https://hh.ru/vacancy/99920477",7
4987948,ГУ МВД России по Алтайскому краю,"https://hh.ru/vacancy/100341647, https://hh.ru/vacancy/100341500, https://hh.ru/vacancy/100341586, https://hh.ru/vacancy/100341173, https://hh.ru/vacancy/100341674, https://hh.ru/vacancy/101302115, https://hh.ru/vacancy/99799917",7
620502,Крупнейший дистрибьютор продуктов питания в Алтайском крае,"https://hh.ru/vacancy/101105749, https://hh.ru/vacancy/101812174, https://hh.ru/vacancy/102088988, https://hh.ru/vacancy/101897113, https://hh.ru/vacancy/94080020, https://hh.ru/vacancy/101897096, https://hh.ru/vacancy/99106869",7
9098461,Холва,"https://hh.ru/vacancy/100963811, https://hh.ru/vacancy/101719357, https://hh.ru/vacancy/100963213, https://hh.ru/vacancy/100963812, https://hh.ru/vacancy/95163764, https://hh.ru/vacancy/100963219",6
3766627,КГБУЗ Алтайский краевой онкологический диспансер,"https://hh.ru/vacancy/101609721, https://hh.ru/vacancy/101622613, https://hh.ru/vacancy/100017318, https://hh.ru/vacancy/96671777, https://hh.ru/vacancy/101622891, https://hh.ru/vacancy/98210459",6
3329483,КГБУЗ Алтайский краевой клинический перинатальный центр,"https://hh.ru/vacancy/101387557, https://hh.ru/vacancy/102052003, https://hh.ru/vacancy/99796422, https://hh.ru/vacancy/101367662, https://hh.ru/vacancy/101388255, https://hh.ru/vacancy/101391978",6
6175060,Студия балета и растяжки LEVITA (ИП Мартияненко Николай Дмитриевич),"https://hh.ru/vacancy/100028336, https://hh.ru/vacancy/101360533, https://hh.ru/vacancy/101527729, https://hh.ru/vacancy/99760391, https://hh.ru/vacancy/102047610, https://hh.ru/vacancy/101996165",6
9609627,Новая Высота,"https://hh.ru/vacancy/102179356, https://hh.ru/vacancy/98742584, https://hh.ru/vacancy/102146759, https://hh.ru/vacancy/93752265, https://hh.ru/vacancy/95391018, https://hh.ru/vacancy/101686394",6
916842,Дорожно-строительный трест № 1,"https://hh.ru/vacancy/100462298, https://hh.ru/vacancy/101828101, https://hh.ru/vacancy/101828100, https://hh.ru/vacancy/102086967, https://hh.ru/vacancy/102087149",5
4427947,Родные просторы,"https://hh.ru/vacancy/100439729, https://hh.ru/vacancy/102151433, https://hh.ru/vacancy/99304025, https://hh.ru/vacancy/102152793, https://hh.ru/vacancy/100439547",5
3891112,Администрация Города Барнаула Алтайского Края,"https://hh.ru/vacancy/101918201, https://hh.ru/vacancy/100497042, https://hh.ru/vacancy/98193922, https://hh.ru/vacancy/100497491, https://hh.ru/vacancy/101636209",5
1106206,Сетевая компания Алтайкрайэнерго,"https://hh.ru/vacancy/101849771, https://hh.ru/vacancy/101832619, https://hh.ru/vacancy/101810485, https://hh.ru/vacancy/99649662, https://hh.ru/vacancy/100559352",5
1967478,Здоровое поколение,"https://hh.ru/vacancy/101794847, https://hh.ru/vacancy/100732825, https://hh.ru/vacancy/96480462, https://hh.ru/vacancy/97040078, https://hh.ru/vacancy/100482927",5
10992831,Шестаков Владимир Николаевич,"https://hh.ru/vacancy/98759609, https://hh.ru/vacancy/101945871, https://hh.ru/vacancy/101921132, https://hh.ru/vacancy/97706596, https://hh.ru/vacancy/99213178",5
240193,Жираф,"https://hh.ru/vacancy/101731832, https://hh.ru/vacancy/99146392, https://hh.ru/vacancy/98451607, https://hh.ru/vacancy/101387775, https://hh.ru/vacancy/101388473",5
5073053,ХЛ,"https://hh.ru/vacancy/101545028, https://hh.ru/vacancy/101503713, https://hh.ru/vacancy/102081534, https://hh.ru/vacancy/101502108, https://hh.ru/vacancy/101501871",5
1875060,Телефоника,"https://hh.ru/vacancy/97299064, https://hh.ru/vacancy/99945114, https://hh.ru/vacancy/95438791, https://hh.ru/vacancy/97705103, https://hh.ru/vacancy/102052551",5
2787319,Вкусная жизнь,"https://hh.ru/vacancy/102146431, https://hh.ru/vacancy/101686411, https://hh.ru/vacancy/94950973, https://hh.ru/vacancy/95096274, https://hh.ru/vacancy/101390874",5
558077,"Киприно, Производственный холдинг","https://hh.ru/vacancy/101634182, https://hh.ru/vacancy/102044715, https://hh.ru/vacancy/101633949, https://hh.ru/vacancy/102046147, https://hh.ru/vacancy/101384627",5
11136790,Альдимар,"https://hh.ru/vacancy/102108627, https://hh.ru/vacancy/101610179, https://hh.ru/vacancy/101616085, https://hh.ru/vacancy/102108041",4
2736508,Горизонт,"https://hh.ru/vacancy/101598468, https://hh.ru/vacancy/101843510, https://hh.ru/vacancy/97137648, https://hh.ru/vacancy/93850469",4
10659084,Ресторан и бар Kaktus,"https://hh.ru/vacancy/102059400, https://hh.ru/vacancy/101926012, https://hh.ru/vacancy/99846398, https://hh.ru/vacancy/102064512",4
4367062,Персона,"https://hh.ru/vacancy/90631744, https://hh.ru/vacancy/79350727, https://hh.ru/vacancy/83935707, https://hh.ru/vacancy/75762731",4
4855022,Японский Бох,"https://hh.ru/vacancy/99607177, https://hh.ru/vacancy/100625733, https://hh.ru/vacancy/99851625, https://hh.ru/vacancy/100018061",4
1250899,СИМПЛЕКС,"https://hh.ru/vacancy/101694967, https://hh.ru/vacancy/101694966, https://hh.ru/vacancy/101381212, https://hh.ru/vacancy/102119338",4
3353269,Алтайские Карьеры,"https://hh.ru/vacancy/101435305, https://hh.ru/vacancy/100438532, https://hh.ru/vacancy/101900183, https://hh.ru/vacancy/99983176",4
582476,"Альтерра, ТГ","https://hh.ru/vacancy/99558601, https://hh.ru/vacancy/102047750, https://hh.ru/vacancy/102168460, https://hh.ru/vacancy/99937957",4
2563382,Алтай-Пригород,"https://hh.ru/vacancy/98595011, https://hh.ru/vacancy/98595012, https://hh.ru/vacancy/101924703, https://hh.ru/vacancy/99783106",4
5990391,Киберия,"https://hh.ru/vacancy/99493515, https://hh.ru/vacancy/101497900, https://hh.ru/vacancy/99601699, https://hh.ru/vacancy/99493873",4
2721844,Априори (ООО Олимп),"https://hh.ru/vacancy/102105209, https://hh.ru/vacancy/102162315, https://hh.ru/vacancy/99372595, https://hh.ru/vacancy/101815222",4
3228532,Семейный ресторан Дамиани,"https://hh.ru/vacancy/101774834, https://hh.ru/vacancy/99921365, https://hh.ru/vacancy/101072160, https://hh.ru/vacancy/101605417",4
2669475,Бийский олеумный завод - филиал ФКП Завод имени Я.М. Свердлова,"https://hh.ru/vacancy/101213909, https://hh.ru/vacancy/98195312, https://hh.ru/vacancy/102044107, https://hh.ru/vacancy/101631066",4
6107800,Нечаева Мария Васильевна,"https://hh.ru/vacancy/94594837, https://hh.ru/vacancy/101710357, https://hh.ru/vacancy/95669954, https://hh.ru/vacancy/101310188",4
10017135,НПП АЗПОМ НГК,"https://hh.ru/vacancy/101632732, https://hh.ru/vacancy/101472856, https://hh.ru/vacancy/101500437, https://hh.ru/vacancy/95252349",4
5924674,Алтайские мастера,"https://hh.ru/vacancy/102075359, https://hh.ru/vacancy/102064255, https://hh.ru/vacancy/101400153, https://hh.ru/vacancy/101403249",4
1092912,АЛТ АВТО,"https://hh.ru/vacancy/97974438, https://hh.ru/vacancy/101327184, https://hh.ru/vacancy/99648517, https://hh.ru/vacancy/101771196",4
1014495,АКТО,"https://hh.ru/vacancy/84046137, https://hh.ru/vacancy/97977817, https://hh.ru/vacancy/101734603, https://hh.ru/vacancy/102089972",4
5683314,Брайт,"https://hh.ru/vacancy/101888416, https://hh.ru/vacancy/101325465, https://hh.ru/vacancy/102123648, https://hh.ru/vacancy/101685939",4
99070,Спецсвязь России (ГЦСС) ФГУП,"https://hh.ru/vacancy/101895272, https://hh.ru/vacancy/102146756, https://hh.ru/vacancy/101895137, https://hh.ru/vacancy/101895136",4
3120888,MOKBИH,"https://hh.ru/vacancy/98291664, https://hh.ru/vacancy/102095807, https://hh.ru/vacancy/102054102, https://hh.ru/vacancy/101105424",4
232984,Филиал ПАО Россети Сибирь - Алтайэнерго,"https://hh.ru/vacancy/101829447, https://hh.ru/vacancy/101467524, https://hh.ru/vacancy/99782283, https://hh.ru/vacancy/101692909",4
4776900,Бийское Производственное Объединение Сибприбормаш,"https://hh.ru/vacancy/100287186, https://hh.ru/vacancy/101900461, https://hh.ru/vacancy/102058283",3
233217,Geekspace,"https://hh.ru/vacancy/101814085, https://hh.ru/vacancy/97575613, https://hh.ru/vacancy/101303179",3
5735829,Премьер,"https://hh.ru/vacancy/101679074, https://hh.ru/vacancy/99482568, https://hh.ru/vacancy/100537319",3
2621178,Спецобъединение-Алтай,"https://hh.ru/vacancy/101900930, https://hh.ru/vacancy/101898137, https://hh.ru/vacancy/101816981",3
1193692,Алтайхлеб,"https://hh.ru/vacancy/95653160, https://hh.ru/vacancy/95655181, https://hh.ru/vacancy/95653161",3
2021807,Суши Мастер,"https://hh.ru/vacancy/96393876, https://hh.ru/vacancy/89784628, https://hh.ru/vacancy/89213848",3
10652973,Гарант,"https://hh.ru/vacancy/101036620, https://hh.ru/vacancy/101203280, https://hh.ru/vacancy/102119726",3
2024220,Автотерминал,"https://hh.ru/vacancy/102094296, https://hh.ru/vacancy/101113868, https://hh.ru/vacancy/102093721",3
10132054,Кучев Илья Владимирович,"https://hh.ru/vacancy/99844593, https://hh.ru/vacancy/99858422, https://hh.ru/vacancy/100034107",3
1025275,Сеть магазинов цифровой и бытовой техники DNS,"https://hh.ru/vacancy/101844888, https://hh.ru/vacancy/102102553, https://hh.ru/vacancy/99105385",3
10258831,Лиман,"https://hh.ru/vacancy/101592218, https://hh.ru/vacancy/101747065, https://hh.ru/vacancy/101127036",3
9915277,Рубцова Евгения Олеговна,"https://hh.ru/vacancy/95407813, https://hh.ru/vacancy/102110204, https://hh.ru/vacancy/95409620",3
722686,Магис-Спорт,"https://hh.ru/vacancy/95664531, https://hh.ru/vacancy/102092022, https://hh.ru/vacancy/99561506",3
3130730,Региональный резерв,"https://hh.ru/vacancy/101778292, https://hh.ru/vacancy/101847734, https://hh.ru/vacancy/101742287",3
3208785,Компания Сибтара,"https://hh.ru/vacancy/102078552, https://hh.ru/vacancy/101864452, https://hh.ru/vacancy/101622133",3
2967567,Союз,"https://hh.ru/vacancy/101606500, https://hh.ru/vacancy/102083630, https://hh.ru/vacancy/101606719",3
4145914,Министерство здравоохранения Алтайского края,"https://hh.ru/vacancy/102090067, https://hh.ru/vacancy/99801404, https://hh.ru/vacancy/99814325",3
10683649,Батлер,"https://hh.ru/vacancy/100086218, https://hh.ru/vacancy/100086247, https://hh.ru/vacancy/100086185",3
2997838,Строй-Мастер,"https://hh.ru/vacancy/102046881, https://hh.ru/vacancy/98891031, https://hh.ru/vacancy/98890999",3
2153396,ТрансЛайн,"https://hh.ru/vacancy/101722294, https://hh.ru/vacancy/101864512, https://hh.ru/vacancy/101842243",3
1742840,Плавыч (завод плавленых сыров),"https://hh.ru/vacancy/99702826, https://hh.ru/vacancy/101849857, https://hh.ru/vacancy/101256232",3
622522,"Барнаульский станкостроительный завод, Промышленная группа","https://hh.ru/vacancy/101212167, https://hh.ru/vacancy/98741646, https://hh.ru/vacancy/97956904",3
10744042,Сайгина Людмила Николаевна,"https://hh.ru/vacancy/101371369, https://hh.ru/vacancy/101370447, https://hh.ru/vacancy/101371316",3
2696318,Всесезонный курорт Манжерок,"https://hh.ru/vacancy/101897092, https://hh.ru/vacancy/100281904, https://hh.ru/vacancy/99786540",3
11059256,Алтайпласт,"https://hh.ru/vacancy/102060776, https://hh.ru/vacancy/101210678, https://hh.ru/vacancy/99106587",3
1194366,Компания Ритейл Сервис,"https://hh.ru/vacancy/102155037, https://hh.ru/vacancy/101897336, https://hh.ru/vacancy/101308709",3
1259001,"Форвард, Строительная компания","https://hh.ru/vacancy/102148433, https://hh.ru/vacancy/102111462, https://hh.ru/vacancy/101437261",3
3142130,Рекрутинговое Агентство ДЕЛО,"https://hh.ru/vacancy/102077269, https://hh.ru/vacancy/101697315, https://hh.ru/vacancy/101776386",3
178937,Алтайские колбасы (ТМ Барнаульский пищевик),"https://hh.ru/vacancy/98450813, https://hh.ru/vacancy/90196526, https://hh.ru/vacancy/97188441",3
126262,НПО Барнаульский завод котельного оборудования,"https://hh.ru/vacancy/102047663, https://hh.ru/vacancy/102047656, https://hh.ru/vacancy/102047637",3
2626543,Фабрика дверей PORTALLE,"https://hh.ru/vacancy/101916033, https://hh.ru/vacancy/97322462, https://hh.ru/vacancy/99208112",3
3524455,Империал,"https://hh.ru/vacancy/101219494, https://hh.ru/vacancy/101350897, https://hh.ru/vacancy/101350168",3
2997105,Барнаульский Силикатный Завод,"https://hh.ru/vacancy/95094034, https://hh.ru/vacancy/101684452, https://hh.ru/vacancy/101600048",3
611050,ASM GROUP,"https://hh.ru/vacancy/102057271, https://hh.ru/vacancy/101123471, https://hh.ru/vacancy/102104315",3
1916194,Сеть магазинов Дальнобойщик,"https://hh.ru/vacancy/94744216, https://hh.ru/vacancy/101422878, https://hh.ru/vacancy/100280854",3
69789,"АНИКС, Торговый Двор","https://hh.ru/vacancy/102103635, https://hh.ru/vacancy/102100744, https://hh.ru/vacancy/101847466",3
5081535,Чернаков Денис Анатольевич,"https://hh.ru/vacancy/102056695, https://hh.ru/vacancy/102146444, https://hh.ru/vacancy/98239463",3
1636356,АлОрто,"https://hh.ru/vacancy/101729469, https://hh.ru/vacancy/102088268, https://hh.ru/vacancy/94201365",3
2484030,АМСколор,"https://hh.ru/vacancy/102147420, https://hh.ru/vacancy/95161361, https://hh.ru/vacancy/95161617",3
974825,АГФЗ,"https://hh.ru/vacancy/102160187, https://hh.ru/vacancy/102174446, https://hh.ru/vacancy/102163809",3
6090460,Южаков Иван Валерьевич,"https://hh.ru/vacancy/101876667, https://hh.ru/vacancy/101876907, https://hh.ru/vacancy/101876216",3
99061,Эй-Пи Трейд,"https://hh.ru/vacancy/102149152, https://hh.ru/vacancy/101810384, https://hh.ru/vacancy/102053370",3
966211,Бочкаревский пивоваренный завод,"https://hh.ru/vacancy/100269768, https://hh.ru/vacancy/101468579, https://hh.ru/vacancy/83330835",3
1154208,Барнаултрансмаш,"https://hh.ru/vacancy/94646958, https://hh.ru/vacancy/101923194, https://hh.ru/vacancy/94646928",3
10660107,Техномомент,"https://hh.ru/vacancy/101730210, https://hh.ru/vacancy/101228145, https://hh.ru/vacancy/101730384",3
3243187,КГБУЗ Алтайский краевой госпиталь для ветеранов войн,"https://hh.ru/vacancy/101817969, https://hh.ru/vacancy/101817968, https://hh.ru/vacancy/99017009",3
1019970,РТК,"https://hh.ru/vacancy/101314786, https://hh.ru/vacancy/101700681, https://hh.ru/vacancy/101703483",3
4030907,Гринвуд,"https://hh.ru/vacancy/101487820, https://hh.ru/vacancy/101489818, https://hh.ru/vacancy/101336941",3
1088624,Алма,"https://hh.ru/vacancy/99014112, https://hh.ru/vacancy/95946461, https://hh.ru/vacancy/101730048",3
9540234,Дергунов Максим Васильевич,"https://hh.ru/vacancy/101409327, https://hh.ru/vacancy/100561751, https://hh.ru/vacancy/101315204",3
9520147,Разина Людмила Петровна,"https://hh.ru/vacancy/100856354, https://hh.ru/vacancy/95144755, https://hh.ru/vacancy/101957908",3
11124248,Журавлева Елена Геннадьевна,"https://hh.ru/vacancy/101700149, https://hh.ru/vacancy/101700802, https://hh.ru/vacancy/101701101",3
10295412,Промет,"https://hh.ru/vacancy/101837538, https://hh.ru/vacancy/98114241, https://hh.ru/vacancy/95491217",3
1678776,Стеллажные Системы,"https://hh.ru/vacancy/98542413, https://hh.ru/vacancy/102087422, https://hh.ru/vacancy/101829689",3
1275711,Ин Мода,"https://hh.ru/vacancy/91378296, https://hh.ru/vacancy/90364675, https://hh.ru/vacancy/91420519",3
1940949,ФудЛэнд,"https://hh.ru/vacancy/101712682, https://hh.ru/vacancy/97102367, https://hh.ru/vacancy/97801575",3
812945,АвтоОпт,"https://hh.ru/vacancy/100479698, https://hh.ru/vacancy/96141550, https://hh.ru/vacancy/84090368",3
7944,Совкомбанк,"https://hh.ru/vacancy/101045027, https://hh.ru/vacancy/101509840, https://hh.ru/vacancy/101045201",3
4251035,Торис,"https://hh.ru/vacancy/100199197, https://hh.ru/vacancy/100199246, https://hh.ru/vacancy/100199323",3
694315,"Арсенал, сеть строительных супермаркетов","https://hh.ru/vacancy/98291384, https://hh.ru/vacancy/91508726, https://hh.ru/vacancy/101040072",3
5865150,Полиак,"https://hh.ru/vacancy/101306218, https://hh.ru/vacancy/95504011, https://hh.ru/vacancy/97970079",3
2206923,Сибэкохиммаш,"https://hh.ru/vacancy/102055392, https://hh.ru/vacancy/102054128",2
3635071,АгроХимСервис,"https://hh.ru/vacancy/101851675, https://hh.ru/vacancy/101851810",2
2835860,ALPALAZONE,"https://hh.ru/vacancy/102151332, https://hh.ru/vacancy/101696699",2
2707635,ЮниТех,"https://hh.ru/vacancy/96481178, https://hh.ru/vacancy/101306951",2
1040418,КЗ ПромКотлоСнаб,"https://hh.ru/vacancy/102148369, https://hh.ru/vacancy/102148109",2
691030,"Сибирикс, SCRUM-студия","https://hh.ru/vacancy/102046606, https://hh.ru/vacancy/100965743",2
4302499,Стоматология Серебряковых,"https://hh.ru/vacancy/101834083, https://hh.ru/vacancy/101834067",2
4474584,АМК,"https://hh.ru/vacancy/101525543, https://hh.ru/vacancy/101525550",2
5993497,Студия цветов Азалия,"https://hh.ru/vacancy/101359205, https://hh.ru/vacancy/101358728",2
3576403,"Алтайлес, Лесная холдинговая компания","https://hh.ru/vacancy/101896079, https://hh.ru/vacancy/100597767",2
1442620,Алтайвита,"https://hh.ru/vacancy/101486917, https://hh.ru/vacancy/102106577",2
10943657,Beans,"https://hh.ru/vacancy/101623633, https://hh.ru/vacancy/101899342",2
1266295,Салон оптики Спектр ( Петров Н.Н.),"https://hh.ru/vacancy/100595816, https://hh.ru/vacancy/99533758",2
9574884,Мир Алтай,"https://hh.ru/vacancy/101902177, https://hh.ru/vacancy/101899295",2
11090629,Conte Elegant (ИП Логинский Юрий Теодорович),"https://hh.ru/vacancy/101859808, https://hh.ru/vacancy/100443106",2
9858470,Гамеева Ирина Александровна,"https://hh.ru/vacancy/101810453, https://hh.ru/vacancy/101810595",2
1080705,IVANOR (Иванор),"https://hh.ru/vacancy/102149943, https://hh.ru/vacancy/99807340",2
3643129,Клинический лечебно-реабилитационный центр Территория здоровья,"https://hh.ru/vacancy/102045621, https://hh.ru/vacancy/97175419",2
11097380,La bakeria (ИП Фоминых Ольга Андреевна),"https://hh.ru/vacancy/101286505, https://hh.ru/vacancy/101860864",2
11077290,Алтайимпэкс,"https://hh.ru/vacancy/101776381, https://hh.ru/vacancy/100489558",2
9335514,ПСК-М 1,"https://hh.ru/vacancy/101702683, https://hh.ru/vacancy/101420298",2
9405084,Рембыт,"https://hh.ru/vacancy/100967676, https://hh.ru/vacancy/101912235",2
2613396,Фриматик,"https://hh.ru/vacancy/99533725, https://hh.ru/vacancy/99533788",2
3415644,Барнаулгазспецстрой,"https://hh.ru/vacancy/93854268, https://hh.ru/vacancy/101710315",2
732181,Союзпечать-Алтай,"https://hh.ru/vacancy/102086448, https://hh.ru/vacancy/100335063",2
10815980,Молоканова Анна Владимировна,"https://hh.ru/vacancy/102078774, https://hh.ru/vacancy/94384098",2
2131213,ПК Хлеб Алтая,"https://hh.ru/vacancy/101730316, https://hh.ru/vacancy/101731329",2
4601909,Глобалтек,"https://hh.ru/vacancy/101687532, https://hh.ru/vacancy/101476249",2
1166964,Группа компаний Парфюм,"https://hh.ru/vacancy/101694406, https://hh.ru/vacancy/100777665",2
5458524,Аннрус+,"https://hh.ru/vacancy/102124370, https://hh.ru/vacancy/102123433",2
9249089,Stellar,"https://hh.ru/vacancy/102054782, https://hh.ru/vacancy/102148817",2
9168465,Фитнес,"https://hh.ru/vacancy/102073753, https://hh.ru/vacancy/101381191",2
1279366,ЛЕРТЕКО-ГРУПП,"https://hh.ru/vacancy/99250450, https://hh.ru/vacancy/100344860",2
1197788,Алтайская компания Медовый край,"https://hh.ru/vacancy/102047773, https://hh.ru/vacancy/100303976",2
705696,Мартика,"https://hh.ru/vacancy/96145669, https://hh.ru/vacancy/93313965",2
4468880,Быков Владислав Владимирович,"https://hh.ru/vacancy/99578912, https://hh.ru/vacancy/99578911",2
9091528,Км-Сити,"https://hh.ru/vacancy/99100617, https://hh.ru/vacancy/101775255",2
3844497,Барнаул Бетон,"https://hh.ru/vacancy/101982214, https://hh.ru/vacancy/101387536",2
988040,Барнаульская Горэлектросеть,"https://hh.ru/vacancy/101935434, https://hh.ru/vacancy/100803724",2
231597,Холод,"https://hh.ru/vacancy/101897044, https://hh.ru/vacancy/78569233",2
3706695,Автоцентр ЮГ,"https://hh.ru/vacancy/97781195, https://hh.ru/vacancy/101908554",2
960705,Медиагруппа FM-Продакшн,"https://hh.ru/vacancy/101479687, https://hh.ru/vacancy/100278281",2
5724811,Спецремонт,"https://hh.ru/vacancy/101638666, https://hh.ru/vacancy/102127998",2
914677,"Алтай, Кондитерская фирма","https://hh.ru/vacancy/90862899, https://hh.ru/vacancy/99781159",2
5091592,Управление Федеральной налоговой службы по Алтайскому краю,"https://hh.ru/vacancy/101809140, https://hh.ru/vacancy/101809129",2
10110783,Трофей-2,"https://hh.ru/vacancy/102043840, https://hh.ru/vacancy/101097020",2
4018711,Место Права,"https://hh.ru/vacancy/101071582, https://hh.ru/vacancy/101660738",2
3182486,Алтайский фонд развития малого и среднего предпринимательства,"https://hh.ru/vacancy/102048061, https://hh.ru/vacancy/97621360",2
1859548,Три слона,"https://hh.ru/vacancy/101725499, https://hh.ru/vacancy/98743745",2
5887281,НК Сибирский Поток,"https://hh.ru/vacancy/102172197, https://hh.ru/vacancy/101256613",2
10181758,Пятков Олег Алексеевич,"https://hh.ru/vacancy/101597200, https://hh.ru/vacancy/100790264",2
4231419,РУМС Групп,"https://hh.ru/vacancy/102052188, https://hh.ru/vacancy/102052133",2
5331842,Самокат (ООО Лидер консалт - официальный партнер),"https://hh.ru/vacancy/98518573, https://hh.ru/vacancy/100343996",2
10384033,Барнаулгорсвет г.Барнаула,"https://hh.ru/vacancy/102064789, https://hh.ru/vacancy/101413284",2
5756414,Журавлев Александр Сергеевич,"https://hh.ru/vacancy/102074430, https://hh.ru/vacancy/101762111",2
869720,Формула М2,"https://hh.ru/vacancy/101898963, https://hh.ru/vacancy/99680521",2
1166254,Absolute,"https://hh.ru/vacancy/101904542, https://hh.ru/vacancy/101817713",2
853850,"МореводЪ, ТМ (ИП Локтионова Н.Н)","https://hh.ru/vacancy/102050222, https://hh.ru/vacancy/101480403",2
703818,Барнаульский пивоваренный завод,"https://hh.ru/vacancy/86232784, https://hh.ru/vacancy/99906219",2
3106743,Компания ЭлитУпаковка,"https://hh.ru/vacancy/99019272, https://hh.ru/vacancy/100446350",2
9639501,Администрация Железнодорожного района города Барнаула,"https://hh.ru/vacancy/101602079, https://hh.ru/vacancy/102046267",2
3424889,МБУ Автодорстрой г.Барнаула,"https://hh.ru/vacancy/100717428, https://hh.ru/vacancy/101687837",2
2893793,Pyrobyte,"https://hh.ru/vacancy/101393438, https://hh.ru/vacancy/100810302",2
4136906,ФГБОУ ВО Алтайский государственный университет,"https://hh.ru/vacancy/98987823, https://hh.ru/vacancy/101392233",2
8923786,Ресторан Буфетте Bufette,"https://hh.ru/vacancy/102148775, https://hh.ru/vacancy/100454031",2
10059705,Стар,"https://hh.ru/vacancy/101917498, https://hh.ru/vacancy/101913659",2
4457300,Штуцен,"https://hh.ru/vacancy/100274187, https://hh.ru/vacancy/101627490",2
10969179,Бушмин Вячеслав,"https://hh.ru/vacancy/101777584, https://hh.ru/vacancy/102166827",2
3914028,Торговый дом Шанкси,"https://hh.ru/vacancy/99973859, https://hh.ru/vacancy/100348215",2
1563600,Автошкола-Элит,"https://hh.ru/vacancy/102144594, https://hh.ru/vacancy/100410507",2
10495193,УК УВМ,"https://hh.ru/vacancy/102050189, https://hh.ru/vacancy/102047016",2
3130944,Бочка,"https://hh.ru/vacancy/99518053, https://hh.ru/vacancy/99518148",2
3162601,АСКО-МЕД-ПЛЮС,"https://hh.ru/vacancy/101317088, https://hh.ru/vacancy/96721207",2
2141777,Green Side,"https://hh.ru/vacancy/96771901, https://hh.ru/vacancy/101909957",2
4784962,Мастерская детских праздников Андерсен,"https://hh.ru/vacancy/102120399, https://hh.ru/vacancy/102126588",2
11030502,Стрижка shop (ИП Сервидович Яна Дмитриевна),"https://hh.ru/vacancy/100238760, https://hh.ru/vacancy/101898483",2
1321461,Ваш персонал,"https://hh.ru/vacancy/101813499, https://hh.ru/vacancy/101734096",2
39250,ЭВАЛАР,"https://hh.ru/vacancy/101386603, https://hh.ru/vacancy/101618835",2
3526764,Тюленев Дмитрий Александрович,"https://hh.ru/vacancy/101638025, https://hh.ru/vacancy/101838537",2
999516,Текстиль центр,"https://hh.ru/vacancy/102150329, https://hh.ru/vacancy/101900360",2
5908660,Ноутбук Сервис,"https://hh.ru/vacancy/95102740, https://hh.ru/vacancy/101715853",2
1898393,Автолидер,"https://hh.ru/vacancy/93032771, https://hh.ru/vacancy/101255830",2
2698038,Алтайские макароны,"https://hh.ru/vacancy/101919518, https://hh.ru/vacancy/98293044",2
1581619,АЛЬФ-А,"https://hh.ru/vacancy/102016239, https://hh.ru/vacancy/102016377",2
1157068,Фармгрупп,"https://hh.ru/vacancy/101412269, https://hh.ru/vacancy/101836559",2
3208521,Исида,"https://hh.ru/vacancy/102155709, https://hh.ru/vacancy/100744640",2
2040069,Барнаульский завод механических прессов,"https://hh.ru/vacancy/96608384, https://hh.ru/vacancy/102152105",2
3388490,Мастер комфорта - производитель Ваших окон,"https://hh.ru/vacancy/102083996, https://hh.ru/vacancy/99661005",2
4850895,Семейные Традиции,"https://hh.ru/vacancy/100667409, https://hh.ru/vacancy/102093062",2
5002911,ALLOhA все для телефона,"https://hh.ru/vacancy/101774205, https://hh.ru/vacancy/101605546",2
3601702,Барнаульский зоопарк Лесная сказка,"https://hh.ru/vacancy/101047776, https://hh.ru/vacancy/101922897",2
4873283,Торговый дом Фрутогуд,"https://hh.ru/vacancy/102175148, https://hh.ru/vacancy/101814290",2
2203417,Завод Энерготех,"https://hh.ru/vacancy/102042737, https://hh.ru/vacancy/102042748",2
1722479,Свик,"https://hh.ru/vacancy/84248098, https://hh.ru/vacancy/100308539",2
3456965,АлтайКлиматСтрой,"https://hh.ru/vacancy/102047774, https://hh.ru/vacancy/92309477",2
91926,НОВЭКС,"https://hh.ru/vacancy/98424965, https://hh.ru/vacancy/101818279",2
29413,Деловые Линии,"https://hh.ru/vacancy/101255332, https://hh.ru/vacancy/98068807",2
3723735,СНК,"https://hh.ru/vacancy/101633967, https://hh.ru/vacancy/101685952",2
2712286,ТПЛ-Сервис,"https://hh.ru/vacancy/100732214, https://hh.ru/vacancy/101847311",2
9987745,СпецГруз,"https://hh.ru/vacancy/101817744, https://hh.ru/vacancy/101817748",2
4330322,Администрация Октябрьского района города Барнаула,"https://hh.ru/vacancy/99780504, https://hh.ru/vacancy/99780512",2
10110037,Котлярова Ольга Владимировна,"https://hh.ru/vacancy/102049758, https://hh.ru/vacancy/102147352",2
3763290,Мегастрой,"https://hh.ru/vacancy/100511258, https://hh.ru/vacancy/100511200",2
2537667,КГБУЗ Алтайская краевая офтальмологическая больница,"https://hh.ru/vacancy/82086143, https://hh.ru/vacancy/101095486",2
3356643,Единая Служба Газа,"https://hh.ru/vacancy/101876691, https://hh.ru/vacancy/101595771",2
5058388,Санаторий Сосновый Бор,"https://hh.ru/vacancy/98045325, https://hh.ru/vacancy/101996175",2
20106,"Благо, Компания","https://hh.ru/vacancy/101308026, https://hh.ru/vacancy/91151963",2
10917084,Техсервис,"https://hh.ru/vacancy/102166432, https://hh.ru/vacancy/101821610",2
10331644,Сатурн Сибирь (обособленное подразделение г.Барнаул),"https://hh.ru/vacancy/86107904, https://hh.ru/vacancy/101625274",2
580017,СМАРТ,"https://hh.ru/vacancy/101946811, https://hh.ru/vacancy/101947309",2
3295365,Современные Технологии Земледелия,"https://hh.ru/vacancy/101752213, https://hh.ru/vacancy/101752206",2
750757,Алтайвитамины,"https://hh.ru/vacancy/95984021, https://hh.ru/vacancy/101920088",2
2967533,Импресс,"https://hh.ru/vacancy/97290554, https://hh.ru/vacancy/97599725",2
5589217,Реновод,"https://hh.ru/vacancy/101675010, https://hh.ru/vacancy/101675966",2
2987796,СтройТрансКом,"https://hh.ru/vacancy/102014279, https://hh.ru/vacancy/102014654",2
6167129,Космо,"https://hh.ru/vacancy/101948151, https://hh.ru/vacancy/101948153",2
3531092,Производственный кооператив Тонар,"https://hh.ru/vacancy/102089149, https://hh.ru/vacancy/100815793",2
5299805,Эскадо,"https://hh.ru/vacancy/101417892, https://hh.ru/vacancy/102079376",2
4851663,Медицинский центр Астра,"https://hh.ru/vacancy/99710116, https://hh.ru/vacancy/101507875",2
5428163,Ударцев Валерий Владимирович,"https://hh.ru/vacancy/101872794, https://hh.ru/vacancy/101902523",2
4317652,КРОСС ЭКСПОРТ,"https://hh.ru/vacancy/101247357, https://hh.ru/vacancy/101684633",2
4495148,СМГ,"https://hh.ru/vacancy/100451892, https://hh.ru/vacancy/97382814",2
9385211,«Буровой инженерный сервис»,"https://hh.ru/vacancy/102120692, https://hh.ru/vacancy/102119905",2
4029225,Traveler’s Coffee (ИП Сафронов Александр Александрович),"https://hh.ru/vacancy/100321142, https://hh.ru/vacancy/100668448",2
3216732,Мустанг-Сибирь,"https://hh.ru/vacancy/97957668, https://hh.ru/vacancy/97416257",2
64174,2ГИС,"https://hh.ru/vacancy/98002937, https://hh.ru/vacancy/102067217",2
10346777,Лидер,"https://hh.ru/vacancy/101853669, https://hh.ru/vacancy/100736530",2
5600431,Новотек,"https://hh.ru/vacancy/94237717, https://hh.ru/vacancy/94237651",2
2534598,Золотой Телец,"https://hh.ru/vacancy/102048660, https://hh.ru/vacancy/98438706",2
2180,Ozon,"https://hh.ru/vacancy/101198873, https://hh.ru/vacancy/98746365",2
1118374,Гриль №1,"https://hh.ru/vacancy/101472101, https://hh.ru/vacancy/100674209",2
2570387,Е-ШКАФ,"https://hh.ru/vacancy/93458606, https://hh.ru/vacancy/97296872",2
10652546,Трубникова Алла Аркадьевна,"https://hh.ru/vacancy/101049856, https://hh.ru/vacancy/98537984",2
6065488,Альянс-ГК,"https://hh.ru/vacancy/101921740, https://hh.ru/vacancy/101922169",2
9650717,Глобал Эстейт Групп,"https://hh.ru/vacancy/100480212, https://hh.ru/vacancy/99575329",2
174856,"Беловодье, Отель","https://hh.ru/vacancy/102012406, https://hh.ru/vacancy/102012398",2
1887218,Форне,"https://hh.ru/vacancy/97170930, https://hh.ru/vacancy/93993959",2
812783,Нортек,"https://hh.ru/vacancy/76953295, https://hh.ru/vacancy/91523618",2
2603762,Конти,"https://hh.ru/vacancy/92882622, https://hh.ru/vacancy/101897332",2
807523,Талтэк,"https://hh.ru/vacancy/96579153, https://hh.ru/vacancy/94182278",2
242871,"ВелКен (ТМ Зум-Зум, ТМ Алтайские семечки)","https://hh.ru/vacancy/101108602, https://hh.ru/vacancy/100439217",2
9540321,Континент,"https://hh.ru/vacancy/101322647, https://hh.ru/vacancy/101601753",2
2603304,TRproject,"https://hh.ru/vacancy/100738791, https://hh.ru/vacancy/97746939",2
10147796,Тойдонова Евгения Александровна,"https://hh.ru/vacancy/101762719, https://hh.ru/vacancy/100177311",2
947749,РУМЕЛКО,"https://hh.ru/vacancy/92602950, https://hh.ru/vacancy/102125428",2
4177614,ДИБИЭЙ,"https://hh.ru/vacancy/98444493, https://hh.ru/vacancy/101227472",2
1445001,ПРАЙМ,"https://hh.ru/vacancy/101696150, https://hh.ru/vacancy/101498018",2
4699084,Металл-Строй,"https://hh.ru/vacancy/102078399, https://hh.ru/vacancy/102049493",2
2271176,АкТрансСервис,"https://hh.ru/vacancy/100819060, https://hh.ru/vacancy/102046279",2
1490605,НК «Роснефть»-Алтайнефтепродукт,"https://hh.ru/vacancy/101686626, https://hh.ru/vacancy/101835498",2
9489333,CNCMagazine,"https://hh.ru/vacancy/101732153, https://hh.ru/vacancy/101217491",2
3178127,КГБУЗ ДТС,"https://hh.ru/vacancy/99522079, https://hh.ru/vacancy/101912444",2
9350829,Мега мебель,"https://hh.ru/vacancy/100440760, https://hh.ru/vacancy/101738052",2
73886,FES retail,"https://hh.ru/vacancy/100811484, https://hh.ru/vacancy/101690013",2
6103315,Рейзбих Егор Андреевич,"https://hh.ru/vacancy/101842040, https://hh.ru/vacancy/99668084",2
3245822,Авиапредприятие Алтай,"https://hh.ru/vacancy/102046893, https://hh.ru/vacancy/100555401",2
106571,Группа компаний МЕДСИ,"https://hh.ru/vacancy/87403137, https://hh.ru/vacancy/99273788",2
1072418,ИНЖЗАЩИТА,"https://hh.ru/vacancy/102063056, https://hh.ru/vacancy/102063250",2
9992558,ПО Тьютория,"https://hh.ru/vacancy/101113895, https://hh.ru/vacancy/99041043",2
2941811,Сервисмаркет,"https://hh.ru/vacancy/101812134, https://hh.ru/vacancy/97219520",2
4559360,Блэк,"https://hh.ru/vacancy/100268703, https://hh.ru/vacancy/101856383",2
1040392,Барнаульский литейно-механический завод,"https://hh.ru/vacancy/101931008, https://hh.ru/vacancy/102047660",2
68963,НК Групп,"https://hh.ru/vacancy/100602224, https://hh.ru/vacancy/101897303",2
10866101,Рогачевская Наталья Сергеевна,"https://hh.ru/vacancy/101691952, https://hh.ru/vacancy/101788268",2
1554857,Образ жизни,"https://hh.ru/vacancy/97576010, https://hh.ru/vacancy/99898456",2
3676751,ГринСити,"https://hh.ru/vacancy/101468557, https://hh.ru/vacancy/101772839",2
3072816,ПКФ Силикатчик,"https://hh.ru/vacancy/101624287, https://hh.ru/vacancy/95756570",2
9881223,УК Алтайский завод прецизионных изделий,"https://hh.ru/vacancy/91463968, https://hh.ru/vacancy/101732877",2
3036416,Департамент Ф53,"https://hh.ru/vacancy/100063523, https://hh.ru/vacancy/100399660",2
4609043,Фёсти,"https://hh.ru/vacancy/101940666, https://hh.ru/vacancy/99874665",2
3798359,Кирпичный завод,"https://hh.ru/vacancy/102055222, https://hh.ru/vacancy/102055220",2
9074433,АНО ДПО Танцевально-Спортивный Центр Академия Детства,"https://hh.ru/vacancy/102099642, https://hh.ru/vacancy/101618102",2
4673155,Сибгласс-Алтай,"https://hh.ru/vacancy/96258367, https://hh.ru/vacancy/96259912",2
808545,Селф,"https://hh.ru/vacancy/98600862, https://hh.ru/vacancy/101620937",2
4970291,ПЕРВЫЙ КЛАСС,"https://hh.ru/vacancy/100234178, https://hh.ru/vacancy/100235881",2
1640993,Отделение Фонда пенсионного и социального страхования Российской Федерации по Алтайскому краю,"https://hh.ru/vacancy/99219028, https://hh.ru/vacancy/90141706",2
3670463,МАНТОВАРКА (ИП Геворгян Карен Андраникович),"https://hh.ru/vacancy/101775032, https://hh.ru/vacancy/101774586",2
1333136,Фарм Консалтинг,"https://hh.ru/vacancy/101691155, https://hh.ru/vacancy/101707490",2
1091647,Барнаульская водяная компания (ТМ Легенда жизни),"https://hh.ru/vacancy/81067196, https://hh.ru/vacancy/99043630",2
11081405,Пивоварня (Муравьёв Михаил Олегович),"https://hh.ru/vacancy/102167117, https://hh.ru/vacancy/99853729",2
49357,"МАГНИТ, Розничная сеть","https://hh.ru/vacancy/101626442, https://hh.ru/vacancy/101833497",2
4703880,Энергостройдеталь - Бийский Котельный Завод,"https://hh.ru/vacancy/102074459, https://hh.ru/vacancy/102076765",2
87021,WILDBERRIES,"https://hh.ru/vacancy/101114411, https://hh.ru/vacancy/101447628",2
9426910,HR Helper (ООО Бизнес Партнер),"https://hh.ru/vacancy/102014294, https://hh.ru/vacancy/100491105",2
4919345,Академия Красоты,"https://hh.ru/vacancy/101608808, https://hh.ru/vacancy/101605853",2
2151580,ГК Партия,"https://hh.ru/vacancy/100668746, https://hh.ru/vacancy/100667566",2
874803,СиСорт,"https://hh.ru/vacancy/101727888, https://hh.ru/vacancy/101713761",2
9593382,About People,"https://hh.ru/vacancy/99737063, https://hh.ru/vacancy/100309029",2
2508775,Диво Алтая,"https://hh.ru/vacancy/95197586, https://hh.ru/vacancy/94759569",2
2909753,Алтай-Лаваш,"https://hh.ru/vacancy/101234918, https://hh.ru/vacancy/102180271",2
4607446,Сибстройдвор,"https://hh.ru/vacancy/99824598, https://hh.ru/vacancy/102022351",2
1942330,Пятёрочка,"https://hh.ru/vacancy/102034978, https://hh.ru/vacancy/102035251",2
4816,Т.Б.М.,"https://hh.ru/vacancy/93441959, https://hh.ru/vacancy/101636166",2
200650,ЮРКОМП,"https://hh.ru/vacancy/100581847, https://hh.ru/vacancy/98236156",2
201522,ТСК Автомобильный,"https://hh.ru/vacancy/101203813, https://hh.ru/vacancy/93338109",2
3558,iFCM Group,"https://hh.ru/vacancy/101306456, https://hh.ru/vacancy/101823146",2
5401846,Центральные газовые сети,"https://hh.ru/vacancy/101896790, https://hh.ru/vacancy/101712387",2
11079326,Мартьянов ЕВ,https://hh.ru/vacancy/99473897,1
11167673,Бийский таможенный пост,https://hh.ru/vacancy/102149646,1
5254370,Партнер 22,https://hh.ru/vacancy/102116487,1
11167685,МТК,https://hh.ru/vacancy/102062390,1
1190054,Soft-logic,https://hh.ru/vacancy/100330347,1
11162933,Васильев Никита Денисович,https://hh.ru/vacancy/102173916,1
831988,Тейси,https://hh.ru/vacancy/101733071,1
11016160,Sahar&Vosk (ИП Поверинова Елена Сергеевна),https://hh.ru/vacancy/101354768,1
1784628,ТК ЗапСибРегион,https://hh.ru/vacancy/101465672,1
11153000,Зинин Сергей Владимирович,https://hh.ru/vacancy/101989611,1
5687502,Учебно-Опытное Хозяйство Пригородное,https://hh.ru/vacancy/102147017,1
11158538,Кушнир Данила Сергеевич,https://hh.ru/vacancy/102089185,1
11084496,Калина-малина (ИП Сысоева Полина Сергеевна),https://hh.ru/vacancy/102154253,1
4301734,НТЦ Дорожные Технологии,https://hh.ru/vacancy/102104087,1
5862712,СЗ Т-Строй,https://hh.ru/vacancy/101917819,1
6175133,ПК Листогиб,https://hh.ru/vacancy/102065140,1
5807058,Кривошеин Данила Андреевич,https://hh.ru/vacancy/102151334,1
1356403,Федеральная сеть фотостудий Fashion Box,https://hh.ru/vacancy/101701170,1
1846,Brainpower Group,https://hh.ru/vacancy/102077328,1
10919620,Алтайская таможня,https://hh.ru/vacancy/99595159,1
10602627,Frilly,https://hh.ru/vacancy/99555795,1
4786273,Сириус,https://hh.ru/vacancy/99538700,1
4788081,Ровно+,https://hh.ru/vacancy/101789725,1
4776044,Пилот,https://hh.ru/vacancy/101842281,1
4242261,КАУ ДПО Алтайский Институт Развития Образования Имени А. М. Топорова,https://hh.ru/vacancy/102045962,1
4671606,Холод Транзит,https://hh.ru/vacancy/102064232,1
10698095,Востокрыба,https://hh.ru/vacancy/102150332,1
924078,АгроПромСнаб,https://hh.ru/vacancy/101843063,1
4728038,Проект А,https://hh.ru/vacancy/101269759,1
11082204,ИТО Неотек,https://hh.ru/vacancy/102014937,1
10631703,Морозов Дмитрий,https://hh.ru/vacancy/101813200,1
3447056,Энергокомплекс,https://hh.ru/vacancy/102147040,1
4446295,ФКУ Упрдор Алтай,https://hh.ru/vacancy/102075249,1
2226759,КИ,https://hh.ru/vacancy/101902936,1
5342003,Студия красоты LeeLoo,https://hh.ru/vacancy/102052927,1
3121102,Бойко Жанна Александровна,https://hh.ru/vacancy/94438690,1
57045,Мегаполис,https://hh.ru/vacancy/102075366,1
11080704,Beauty Haven (Чемоданова Наталья Александровна),https://hh.ru/vacancy/99931042,1
6076289,Ресторан Хочу Пури (ООО Новая Волна),https://hh.ru/vacancy/101074965,1
2771942,ФГБУ Центральное жилищно-коммунальное управление Министерства Обороны Российской Федерации,https://hh.ru/vacancy/102164977,1
3699110,Раут,https://hh.ru/vacancy/101345889,1
3730220,MARLÙ,https://hh.ru/vacancy/101625762,1
5264683,Алтай Логистик Трейд,https://hh.ru/vacancy/101844848,1
100909,Перчини,https://hh.ru/vacancy/100073365,1
131539,ФТО,https://hh.ru/vacancy/102157003,1
9218517,Сеть семейных кондитерских кофеен O`bakery,https://hh.ru/vacancy/100967311,1
10262947,Литвинов Максим Валериевич,https://hh.ru/vacancy/101619996,1
1760802,Гранит Мастер,https://hh.ru/vacancy/99019392,1
1895635,Тропин Константин Александрович,https://hh.ru/vacancy/101916125,1
11144779,Strike arena сеть компьютерных клубов,https://hh.ru/vacancy/101896917,1
3572793,Бродич,https://hh.ru/vacancy/96681073,1
2882360,Автокомплекс,https://hh.ru/vacancy/101921964,1
3294316,Салон цветов Тюльпан,https://hh.ru/vacancy/101821084,1
5629975,Siberian Green,https://hh.ru/vacancy/102051446,1
706928,НЛ Континент,https://hh.ru/vacancy/101041111,1
5741041,Гордость Алтая,https://hh.ru/vacancy/102144830,1
9865703,Мужской Клуб Чарли,https://hh.ru/vacancy/99568337,1
9494431,Рум Бюро,https://hh.ru/vacancy/101747555,1
2882394,МИРА,https://hh.ru/vacancy/102058624,1
76164,ИНЛАЙН,https://hh.ru/vacancy/100613193,1
3838,Компания ПЭК,https://hh.ru/vacancy/102128675,1
3201726,Парикмахерская №1,https://hh.ru/vacancy/101792228,1
216221,Natura Siberica,https://hh.ru/vacancy/102129636,1
9282761,УК Мой Дом,https://hh.ru/vacancy/99654698,1
5618857,Головачева Галина Сергеевна,https://hh.ru/vacancy/101733293,1
37955,Bergauf,https://hh.ru/vacancy/101845870,1
3250206,СпецАвтоТракт,https://hh.ru/vacancy/101784313,1
4120709,БПЗ-Драфт,https://hh.ru/vacancy/102079934,1
9102560,Студия красивой кожи Т.Е.М.М.А,https://hh.ru/vacancy/100725038,1
2786357,Про-движение,https://hh.ru/vacancy/100078245,1
9400375,Малютин Андрей Сергеевич,https://hh.ru/vacancy/102079995,1
9299771,Амэйзин Фуд,https://hh.ru/vacancy/102057500,1
9455212,Урычев Сергей Анатольевич,https://hh.ru/vacancy/100676161,1
4354959,Специализированный центр оценки и экспертизы,https://hh.ru/vacancy/101306906,1
10696750,Савади,https://hh.ru/vacancy/99700894,1
11102558,Рязанова Надежда Владимировна,https://hh.ru/vacancy/101615406,1
9479446,Мартынцев Артем Сергеевич,https://hh.ru/vacancy/99524072,1
2984432,ЦЕНТР СЕМЬИ И ДЕТСТВА ИМКА,https://hh.ru/vacancy/100280089,1
1262895,1+1,https://hh.ru/vacancy/101256316,1
9125506,Динамо Фит,https://hh.ru/vacancy/100272133,1
6122165,Мелиев Илья Максимович,https://hh.ru/vacancy/101388481,1
4220065,Вторсеть,https://hh.ru/vacancy/101929819,1
5966830,Лихторович Марина Николаевна,https://hh.ru/vacancy/92364228,1
1893791,Русский холод,https://hh.ru/vacancy/101855114,1
5738670,Шеломенцев Артемий Андреевич,https://hh.ru/vacancy/99204168,1
2706050,ЧОУ ДО Лингва Клаб,https://hh.ru/vacancy/102022841,1
5332478,Пивпром,https://hh.ru/vacancy/97613192,1
11102137,Royal Кулоны с гравировкой (Прелов Станислав Александрович),https://hh.ru/vacancy/100902321,1
5075471,"Акварика, сеть семейных бассейнов",https://hh.ru/vacancy/101492163,1
3422255,Алт-Биопродукт,https://hh.ru/vacancy/102121061,1
3124479,Нефтепродукт,https://hh.ru/vacancy/102088428,1
2249594,ТД Контур,https://hh.ru/vacancy/101390666,1
3346591,Госталт,https://hh.ru/vacancy/101734774,1
2278103,УК ГРИНВАЛЬД,https://hh.ru/vacancy/101887605,1
10033227,Конобейцева Виктория Васильевна,https://hh.ru/vacancy/102012813,1
4957029,Завод Современных Конструкций,https://hh.ru/vacancy/102073940,1
11165946,Аптека ИП Осадчая,https://hh.ru/vacancy/102017103,1
2872977,Konttel,https://hh.ru/vacancy/101820655,1
11093076,Ведерникова Екатерина Григорьевна,https://hh.ru/vacancy/99932890,1
5625457,"КГБУЗ Городская поликлиника № 3, г.Барнаул",https://hh.ru/vacancy/102052830,1
11146907,Райз,https://hh.ru/vacancy/101605121,1
885607,X3Group,https://hh.ru/vacancy/98755907,1
4794282,Куц Александр Васильевич,https://hh.ru/vacancy/100783692,1
4150840,Строймонолит,https://hh.ru/vacancy/101918317,1
1376507,Сохрани зерно,https://hh.ru/vacancy/101686697,1
10183312,Кошманов Роман Олегович,https://hh.ru/vacancy/99558610,1
2535881,БИРЕЛЬ ПЛЮС,https://hh.ru/vacancy/101602459,1
8883097,Ермачков Алексей Иванович,https://hh.ru/vacancy/98469759,1
4504337,Will Sweet,https://hh.ru/vacancy/100612500,1
10132168,Студия маникюра NUDE,https://hh.ru/vacancy/99547206,1
3148,СИТИЛИНК,https://hh.ru/vacancy/102052247,1
11072080,MindMaze,https://hh.ru/vacancy/101775073,1
5516952,КГАУ Краевой дворец молодежи,https://hh.ru/vacancy/101918373,1
3484703,Милана,https://hh.ru/vacancy/102149286,1
52719,"Орматек, ГК",https://hh.ru/vacancy/98291393,1
3960199,ТПК Бастион,https://hh.ru/vacancy/101897955,1
5599308,Пион,https://hh.ru/vacancy/101659727,1
44272,ЭР-Телеком,https://hh.ru/vacancy/102071052,1
4016174,Yale Family Group,https://hh.ru/vacancy/101774810,1
9778697,Цифровые технологии и платформы,https://hh.ru/vacancy/102066667,1
5515043,Вторснаб-Сырье,https://hh.ru/vacancy/101902256,1
4561058,Управление Юстиции Алтайского Края,https://hh.ru/vacancy/99650826,1
3400377,Coffee Like (ООО Кофе Лайф),https://hh.ru/vacancy/101831753,1
825539,ЭнергоСтрой,https://hh.ru/vacancy/94177145,1
5559259,Регионагро,https://hh.ru/vacancy/102067054,1
11056331,Zaykovlab,https://hh.ru/vacancy/99649342,1
9535379,Алтайэлектро Барнаул,https://hh.ru/vacancy/99665650,1
10728989,Вистовский Роман Янович,https://hh.ru/vacancy/101856739,1
2582116,АЛТАЙ ПЭЛАС,https://hh.ru/vacancy/98212972,1
3895720,Колосова Анна Евгеньевна,https://hh.ru/vacancy/101690827,1
3791323,ФКЛПУ КТБ-12 УФСИН России по Алтайскому краю,https://hh.ru/vacancy/99695041,1
3288087,РСУ №17,https://hh.ru/vacancy/101687248,1
3381027,Бийский Завод Железобетонных Изделий,https://hh.ru/vacancy/101469609,1
10042892,Fantasy art,https://hh.ru/vacancy/101830967,1
3960612,КГБУЗ Алтайский Краевой Кардиологический Диспансер,https://hh.ru/vacancy/102047382,1
9700750,SMM agency MARI.TRAP,https://hh.ru/vacancy/101346064,1
2633909,"КГБУЗ Консультативно-Диагностическая Поликлиника № 14, г.Барнаул",https://hh.ru/vacancy/99902067,1
4732741,Ященко Руслан Николаевич,https://hh.ru/vacancy/101821893,1
2987754,СибПромВент,https://hh.ru/vacancy/100137439,1
4024779,Центр Физического Развития,https://hh.ru/vacancy/99752081,1
3477518,Евро Поинт,https://hh.ru/vacancy/101916948,1
4194557,Твоя работа,https://hh.ru/vacancy/102160194,1
3612731,Верхаус,https://hh.ru/vacancy/101631192,1
6132432,Зима Сергей,https://hh.ru/vacancy/101777940,1
2678510,Технопрофи,https://hh.ru/vacancy/101321163,1
3960336,АТК,https://hh.ru/vacancy/101725503,1
2275946,Оптимист Сибирь,https://hh.ru/vacancy/98443309,1
4960679,ФГАУ РОСЖИЛКОМПЛЕКС,https://hh.ru/vacancy/100510417,1
10190333,Инсталаб,https://hh.ru/vacancy/101259488,1
5798551,Жерко Татьяна Александровна,https://hh.ru/vacancy/102143346,1
10220260,Барнаульские Бани,https://hh.ru/vacancy/102073434,1
185727,Сибэнергомаш-БКЗ,https://hh.ru/vacancy/101912525,1
3880448,Регионснаб 22,https://hh.ru/vacancy/102179089,1
1152116,Барнаульский водоканал,https://hh.ru/vacancy/101252539,1
2844246,Контакт Интернэшнл,https://hh.ru/vacancy/102049967,1
3655921,Вита-Спорт22,https://hh.ru/vacancy/102052034,1
5617756,МАДОУ ЦРР -Детский сад №170 Антошка,https://hh.ru/vacancy/101684826,1
11154464,"КГБУ Барнаульский центр помощи детям, оставшимся без попечения родителей, № 4",https://hh.ru/vacancy/101836890,1
10981099,Толстопятова Виктория,https://hh.ru/vacancy/100453401,1
3461154,Sweeter,https://hh.ru/vacancy/101569527,1
2809324,Алтайкомплекс,https://hh.ru/vacancy/100140316,1
5709771,Фотосалон Дом Хамелеона,https://hh.ru/vacancy/100551713,1
10537449,РСК,https://hh.ru/vacancy/101400595,1
5189998,Землеустройство линейных объектов,https://hh.ru/vacancy/102155650,1
5235715,Шполянский Артур Юрьевич,https://hh.ru/vacancy/101753172,1
2926626,ЭнергомашИнжиниринг,https://hh.ru/vacancy/100367167,1
51423,SIBERS,https://hh.ru/vacancy/101598606,1
5985755,Бабаскина Елена,https://hh.ru/vacancy/101619682,1
2168376,Ладья,https://hh.ru/vacancy/101466984,1
10191915,Brandmetrika,https://hh.ru/vacancy/101275883,1
2019216,Ред-дизайн,https://hh.ru/vacancy/102086634,1
10490248,Парк Арлекино,https://hh.ru/vacancy/99475610,1
125886,Объединение РОСИНКАС,https://hh.ru/vacancy/99670643,1
9433845,Миллер Александр Иванович,https://hh.ru/vacancy/100055409,1
3887133,АЭК,https://hh.ru/vacancy/100027623,1
1071925,Современные технологии,https://hh.ru/vacancy/101912616,1
1158890,Комбинат Русский хлеб,https://hh.ru/vacancy/102070407,1
3870600,АКВАРЕЛЬ,https://hh.ru/vacancy/100299310,1
4614042,КГБУЗ Алтайский краевой наркологический диспансер,https://hh.ru/vacancy/98585867,1
4507552,Вита Фэмили,https://hh.ru/vacancy/99933531,1
4997472,ПК Преображение,https://hh.ru/vacancy/102028193,1
11170056,ЦВТ,https://hh.ru/vacancy/102131451,1
5496941,Металл-Ресурс,https://hh.ru/vacancy/98297350,1
11149550,Новые люди,https://hh.ru/vacancy/101661020,1
5029519,B2B All Service,https://hh.ru/vacancy/102143136,1
9260874,Журавлева Елена Александровна,https://hh.ru/vacancy/101781684,1
2976261,НПП Интер-Масло,https://hh.ru/vacancy/101895997,1
5965810,Алтайская Строительно-Монтажная Компания,https://hh.ru/vacancy/99790021,1
6330723,КГКУ УСЗН по городу Барнаулу,https://hh.ru/vacancy/101686390,1
10917748,SINNERS,https://hh.ru/vacancy/101986618,1
4516408,КФХ Герасимов Сергей Владимирович,https://hh.ru/vacancy/101992086,1
1515043,ГАММА,https://hh.ru/vacancy/97289452,1
5357688,Стоматологическая поликлиника КарДента,https://hh.ru/vacancy/101979338,1
3472158,Теннисный клуб Чемпион,https://hh.ru/vacancy/100327444,1
2092267,ВЧ-групп,https://hh.ru/vacancy/100597449,1
9501243,Автотранс,https://hh.ru/vacancy/101808145,1
726371,АЙКРАФТ,https://hh.ru/vacancy/100706528,1
4517194,Гудфуд,https://hh.ru/vacancy/101633622,1
11137227,Лысков А.А.,https://hh.ru/vacancy/102102508,1
2224137,Гермес-строй,https://hh.ru/vacancy/101820536,1
4245279,КГБУЗ Детская городская клиническая больница № 7,https://hh.ru/vacancy/101622781,1
5174849,Wanted,https://hh.ru/vacancy/101917760,1
5480476,ВМР,https://hh.ru/vacancy/96676697,1
3979500,LULU (ИП Долгополова Татьяна Вольдемаровна),https://hh.ru/vacancy/99108054,1
9467802,Алтай Голд 888,https://hh.ru/vacancy/101383297,1
4009862,Механика,https://hh.ru/vacancy/101229504,1
11023790,Настоящая пекарня (ИП Черников Иван Сергеевич),https://hh.ru/vacancy/101311986,1
9966667,ТракЦентр,https://hh.ru/vacancy/101703414,1
2455208,ЭФФА,https://hh.ru/vacancy/101678139,1
11102460,ТрансСибАвто,https://hh.ru/vacancy/100280982,1
10887802,Вет клиника Айболит,https://hh.ru/vacancy/100982093,1
2711134,Мегамаркет Семья,https://hh.ru/vacancy/101620657,1
5299841,СОМ-Трейд,https://hh.ru/vacancy/101342989,1
4854057,Производственная Компания Агро-Индустрия,https://hh.ru/vacancy/101912555,1
6065863,Новые Горизонты,https://hh.ru/vacancy/101072622,1
4498601,Сибторг,https://hh.ru/vacancy/96796981,1
4835922,АС-Агро,https://hh.ru/vacancy/101734987,1
9498834,Цветы Алтая,https://hh.ru/vacancy/100447007,1
1579070,Бийский речной порт,https://hh.ru/vacancy/95665258,1
4616585,Алтайбурмаш,https://hh.ru/vacancy/101829520,1
9791613,ДАКАР,https://hh.ru/vacancy/100556205,1
10951923,Болгов Максим Владимирович,https://hh.ru/vacancy/99998656,1
826915,Барнаульский химический завод,https://hh.ru/vacancy/101469864,1
32501,"Монетка, Торговая сеть",https://hh.ru/vacancy/101931680,1
10972185,Сибтрансавто,https://hh.ru/vacancy/101945268,1
3202583,Барс плюс,https://hh.ru/vacancy/93906398,1
5235954,Клин Сервис,https://hh.ru/vacancy/101398160,1
5643160,Алтай Сила,https://hh.ru/vacancy/100318403,1
10732672,Пушки-Игрушки (ИП Рейзбих Артем Иванович),https://hh.ru/vacancy/101933060,1
10102187,Тыщенко Анна Сергеевна,https://hh.ru/vacancy/102026738,1
5040675,ТК ГолдСибУпак,https://hh.ru/vacancy/93571137,1
743074,АгроЦентр,https://hh.ru/vacancy/98774933,1
11167471,Недорезов Антон Витальевич,https://hh.ru/vacancy/102063494,1
5497913,SVK,https://hh.ru/vacancy/100481519,1
698406,Союз-Вино,https://hh.ru/vacancy/101485601,1
4341757,КТЛ,https://hh.ru/vacancy/101598013,1
791787,Планета здоровья,https://hh.ru/vacancy/101937950,1
3301075,Агентство недвижимости Династия 24,https://hh.ru/vacancy/102052142,1
2926924,Языковая школа Саншайн,https://hh.ru/vacancy/101689253,1
4590347,Аем-Премиум,https://hh.ru/vacancy/101833797,1
9508870,Полосухин Валерий Викторович,https://hh.ru/vacancy/102066510,1
5411670,Барнаульский завод медицинских препаратов,https://hh.ru/vacancy/100494808,1
5274397,ЭДС магазин электротоваров,https://hh.ru/vacancy/99510522,1
5877962,Строй Версаль,https://hh.ru/vacancy/101504495,1
10051635,Либерти,https://hh.ru/vacancy/100590900,1
2265486,ПИТ-СТОП,https://hh.ru/vacancy/101468787,1
5343697,Интерьер Плюс,https://hh.ru/vacancy/101652863,1
876195,Сибирская генерирующая Компания,https://hh.ru/vacancy/101810888,1
2391102,СтройПроектСервис,https://hh.ru/vacancy/102054157,1
1132134,Альтаир Диджитал,https://hh.ru/vacancy/99844714,1
9599850,Алтайснабинструмент,https://hh.ru/vacancy/101074960,1
9371648,Дробышева Виктория Александровна,https://hh.ru/vacancy/101810043,1
2633868,ФГБУ ЦЛАТИ ПО Алтайскому краю,https://hh.ru/vacancy/101701586,1
3159045,Сиб-Фитнесс,https://hh.ru/vacancy/99858115,1
2605333,Агрегатка,https://hh.ru/vacancy/99161601,1
10965165,ПромПлощадка,https://hh.ru/vacancy/101993477,1
4997451,МДЦ-М,https://hh.ru/vacancy/101391775,1
9514190,Vino Lounge,https://hh.ru/vacancy/99652001,1
11095828,Прохоров Сергей Анатольевич,https://hh.ru/vacancy/100386666,1
11050049,Эмиграционно-Визовый Центр,https://hh.ru/vacancy/101744882,1
3733991,"Абрикос, Студия печати",https://hh.ru/vacancy/101798624,1
2443163,Экспресс Экспедиция,https://hh.ru/vacancy/100337548,1
2574138,Сити Бэйкер,https://hh.ru/vacancy/101330230,1
4549340,Атлантидыч,https://hh.ru/vacancy/100297421,1
2436623,Горно-Алтайск Нефтепродукт,https://hh.ru/vacancy/101809393,1
2135285,Барнаульский завод АТИ,https://hh.ru/vacancy/53001453,1
4283416,Крестьянское Фермерское Хозяйство Яромакс,https://hh.ru/vacancy/101074974,1
1698857,Кейтеринг Плюс,https://hh.ru/vacancy/101853608,1
575805,Труд,https://hh.ru/vacancy/101900001,1
3739598,Алтай-Кадастр,https://hh.ru/vacancy/101839036,1
9615965,Новиков Иван Юрьевич,https://hh.ru/vacancy/100963490,1
5724301,Ркд МК Русь,https://hh.ru/vacancy/99834645,1
2508391,Экспресс Кинетика,https://hh.ru/vacancy/100274117,1
3182472,ФИНАНСБУРГ,https://hh.ru/vacancy/101418270,1
709844,Алтайский трансформаторный завод,https://hh.ru/vacancy/99650270,1
10940961,Чекань Антон Алексеевич,https://hh.ru/vacancy/101212792,1
9496826,Профмаркетрус,https://hh.ru/vacancy/101253372,1
10532064,Женихов Андрей Борисович,https://hh.ru/vacancy/101798643,1
3409895,Алтайстройдеталь,https://hh.ru/vacancy/101840811,1
2209615,АЗАС,https://hh.ru/vacancy/101710334,1
3477630,ПРОИЗВОДСТВЕННОЕ ОБЪЕДИНЕНИЕ МЕЖРЕГИОНЭНЕРГОСЕРВИС,https://hh.ru/vacancy/101400499,1
3613391,Бахетле,https://hh.ru/vacancy/101840221,1
10739842,Самолёт Плюс (ИП Казанцева Евгения Львовна),https://hh.ru/vacancy/102046656,1
4272176,Тепличный комбинат Толмачевский ОП Алтайское,https://hh.ru/vacancy/69507663,1
1594562,RedBerry салон красоты,https://hh.ru/vacancy/100605053,1
4909023,КЧОП Сотня,https://hh.ru/vacancy/99541975,1
9636202,Додо Пицца (ИП Борзов Алексей Васильевич),https://hh.ru/vacancy/101811915,1
9137982,Соммитэ,https://hh.ru/vacancy/100363818,1
641031,Сальников,https://hh.ru/vacancy/100470227,1
11166204,ДворЛенд,https://hh.ru/vacancy/102022810,1
5958241,Алтайский заготовитель,https://hh.ru/vacancy/102056987,1
1372301,Пиццерия Чикаго,https://hh.ru/vacancy/98703828,1
3878052,ИСТОЧНИК ПЛЮС,https://hh.ru/vacancy/101601473,1
685558,"Родник Алтая, санаторий",https://hh.ru/vacancy/100015971,1
9682474,Разин Вадим Александрович,https://hh.ru/vacancy/102152857,1
2742952,"Кадровый центр, qWell",https://hh.ru/vacancy/100384801,1
10623742,ЧОП Компания ТВЕМА,https://hh.ru/vacancy/97574083,1
10040097,Люси Готовит,https://hh.ru/vacancy/99820084,1
10429907,Администрация Индустриального района города Барнаула,https://hh.ru/vacancy/101317515,1
2393124,Пилон,https://hh.ru/vacancy/101728648,1
10705586,Золотые сыры Алтая (ИП Чичилов Владимир Сергеевич),https://hh.ru/vacancy/100268414,1
2646380,Agile Digital Lab,https://hh.ru/vacancy/80127090,1
1651992,Инстрой,https://hh.ru/vacancy/93126535,1
1272486,СберМаркет,https://hh.ru/vacancy/99707041,1
9992956,Кадровые Решения,https://hh.ru/vacancy/102005731,1
5524718,Егерь Мария Андреевна,https://hh.ru/vacancy/102027040,1
5067581,Чубатов Владимир Геннадьевич,https://hh.ru/vacancy/102048528,1
6164979,Суши SELL (ИП Погосова Валерия Сергеевна),https://hh.ru/vacancy/100404857,1
11106622,АджикиНеЖаль (ИП Лузина Анна Александровна),https://hh.ru/vacancy/100586697,1
4189157,А Групп,https://hh.ru/vacancy/101318573,1
3639547,Эко-Комплекс,https://hh.ru/vacancy/102046338,1
11160574,Маклов,https://hh.ru/vacancy/101888639,1
2942233,Газпром газораспределение Барнаул,https://hh.ru/vacancy/98464052,1
2212203,Техресурс - Алтай,https://hh.ru/vacancy/100456646,1
3332688,МЦ АлтайМед,https://hh.ru/vacancy/102061179,1
6151147,ВторЭкоРесурс,https://hh.ru/vacancy/102181830,1
10942724,Спецтех22,https://hh.ru/vacancy/101393750,1
10969483,Воинов Андрей Витальевич,https://hh.ru/vacancy/102150938,1
3068482,Славица-Н,https://hh.ru/vacancy/99688545,1
3730092,КГБОУ Барнаульская общеобразовательная Школа-Интернат №5,https://hh.ru/vacancy/101687668,1
1434582,ПИ Алтайгражданпроект,https://hh.ru/vacancy/101715734,1
2921160,Алтайский государственный институт культуры,https://hh.ru/vacancy/101809798,1
4065703,ЗЭО ЭнергоСталь,https://hh.ru/vacancy/102149824,1
979214,МЕД-КОНСУЛ,https://hh.ru/vacancy/94936465,1
1932982,Ипонкин BROTHERS,https://hh.ru/vacancy/97611641,1
3784928,EKS,https://hh.ru/vacancy/101936438,1
1815886,Успех,https://hh.ru/vacancy/102052866,1
1531750,ПК Котломаш,https://hh.ru/vacancy/101051256,1
9502344,Кондратьева Наталья Михайловна,https://hh.ru/vacancy/101315387,1
6058655,Очиров Тумэн Чирипович,https://hh.ru/vacancy/101782554,1
2498014,СИБТРУД,https://hh.ru/vacancy/102153141,1
2554313,Форштадтская пивоварня,https://hh.ru/vacancy/96231993,1
628523,ФАРМАКОПЕЙКА,https://hh.ru/vacancy/100566681,1
1204278,Билингвальный детский сад Bambini,https://hh.ru/vacancy/100273063,1
9847749,Картинг-центр Let’s go karting,https://hh.ru/vacancy/100396745,1
3897322,Парта,https://hh.ru/vacancy/101206193,1
11166122,Грузчик-сервис,https://hh.ru/vacancy/102020198,1
10912523,Дьяков Иван Игоревич,https://hh.ru/vacancy/101004774,1
2724671,БВСЗ Новотранс,https://hh.ru/vacancy/101477116,1
996749,Пионер Трейд,https://hh.ru/vacancy/99838584,1
9857660,Полетех,https://hh.ru/vacancy/99863666,1
10603327,Спецмонтаж,https://hh.ru/vacancy/100520103,1
10675399,Управление по обеспечению деятельности мировых судей Алтайского края,https://hh.ru/vacancy/96224837,1
5218027,АНОО ПО Алтайский Бизнес-Колледж,https://hh.ru/vacancy/100055875,1
10391416,Поползин Виталий Павлович,https://hh.ru/vacancy/101674544,1
10436542,GetBoost LLC,https://hh.ru/vacancy/101527972,1
2683981,СК Алтай,https://hh.ru/vacancy/98722007,1
4151170,ММК Антуриум,https://hh.ru/vacancy/99667737,1
3413485,МБДОУ Детский сад №101,https://hh.ru/vacancy/101272397,1
5204960,Нарылкова Ирина Евгеньевна,https://hh.ru/vacancy/101879654,1
2630111,Европа-Боулинг,https://hh.ru/vacancy/102074098,1
114735,Автотрейд,https://hh.ru/vacancy/102046903,1
10300457,Полякова Софья Сергеевна,https://hh.ru/vacancy/99704127,1
3331116,Тестовая регистрация компании HHRU для приложений,https://hh.ru/vacancy/101137746,1
10811505,Ромашка,https://hh.ru/vacancy/101688174,1
4348863,РЖД-Медицина,https://hh.ru/vacancy/99697466,1
11036402,Феникс,https://hh.ru/vacancy/102016662,1
4492,КорпусГрупп,https://hh.ru/vacancy/100578572,1
40244,Группа компаний Русская кожа,https://hh.ru/vacancy/101927691,1
2694481,АлтайГлонассМониторинг,https://hh.ru/vacancy/102044714,1
3661296,Сибирская Семечка,https://hh.ru/vacancy/98527990,1
4395512,НОЧУ ДПО Институт судебных экспертиз и криминалистики,https://hh.ru/vacancy/101276617,1
6063757,МКК Гиллион,https://hh.ru/vacancy/101900032,1
10001266,Малая Пивоварня,https://hh.ru/vacancy/96707919,1
10496891,​Караоке-клуб Баламут,https://hh.ru/vacancy/100569485,1
906557,SberTech,https://hh.ru/vacancy/101689274,1
2543519,ЛТБ,https://hh.ru/vacancy/98881217,1
10584267,Гидроснаб,https://hh.ru/vacancy/101608662,1
11148692,Км Групп,https://hh.ru/vacancy/101643881,1
5251779,Классный персонал,https://hh.ru/vacancy/101519496,1
1756543,Многоотраслевая Бизнес Компания,https://hh.ru/vacancy/100128771,1
10065308,Смарт Альянс,https://hh.ru/vacancy/101833242,1
2779802,ДСК Магистраль,https://hh.ru/vacancy/98200469,1
5160681,Издательское полиграфическое предприятие Алтай,https://hh.ru/vacancy/98449347,1
1979874,Лось и ножницы,https://hh.ru/vacancy/99835146,1
2496376,Эльзам,https://hh.ru/vacancy/101307232,1
540634,Алтика,https://hh.ru/vacancy/101330906,1
832948,Хлебокомбинат Алтайские Закрома,https://hh.ru/vacancy/96071708,1
2898820,КГБУЗ Центральная городская больница г. Бийск,https://hh.ru/vacancy/101774169,1
3893344,САЕМ-ТРАК,https://hh.ru/vacancy/101688678,1
3009895,Черканов Михаил Викторович,https://hh.ru/vacancy/99930137,1
4593150,ПТБ Сигма,https://hh.ru/vacancy/101812618,1
4664634,Янтарный,https://hh.ru/vacancy/99539923,1
10446274,НПО ТСР,https://hh.ru/vacancy/101243030,1
797462,e2e4 Магазин компьютерной и цифровой техники,https://hh.ru/vacancy/101345472,1
4943579,Огнеупоры22,https://hh.ru/vacancy/102054224,1
3313849,Нисса,https://hh.ru/vacancy/101981406,1
5229374,Шипулина Ирина Сергеевна,https://hh.ru/vacancy/102118793,1
2966092,AYS GROUP,https://hh.ru/vacancy/99663316,1
3501643,ТЕХНЕЗИС,https://hh.ru/vacancy/101714383,1
3278758,Гора Ольга Михайловна,https://hh.ru/vacancy/97795618,1
10564002,РегионГаз,https://hh.ru/vacancy/101738688,1
2484910,Агентство судебного взыскания,https://hh.ru/vacancy/102067537,1
2949009,"КГБУЗ Станция скорой медицинской помощи, г. Барнаул",https://hh.ru/vacancy/100481866,1
4457626,Алтайское Поместье,https://hh.ru/vacancy/101715171,1
762839,"Император, Группа компаний",https://hh.ru/vacancy/102053354,1
4330993,Шаламагина Наталия Владимировна,https://hh.ru/vacancy/102147633,1
8914791,СУ-7,https://hh.ru/vacancy/102179606,1
1098812,Экструзионная Компания Алтай,https://hh.ru/vacancy/100358093,1
4389080,Единый Расчетный Центр,https://hh.ru/vacancy/92252288,1
5604090,Центр HRM Персонал,https://hh.ru/vacancy/100027892,1
10107517,ТБО Сервис +,https://hh.ru/vacancy/101124516,1
5965795,Радуга-Плюс,https://hh.ru/vacancy/101231952,1
710854,Сантехмастер групп,https://hh.ru/vacancy/101323171,1
5294995,Feel in Coffee,https://hh.ru/vacancy/98855392,1
2892906,АкваМастер,https://hh.ru/vacancy/100275419,1
6132002,ПромВзрывСервис,https://hh.ru/vacancy/102150949,1
3428652,Диор,https://hh.ru/vacancy/99714692,1
10416300,Ногтевая студия Nogti to4ka studio,https://hh.ru/vacancy/100065113,1
4873154,Клиника Эстетической Медицины АНТУРИУМ,https://hh.ru/vacancy/100318387,1
2117386,Black&Yellow,https://hh.ru/vacancy/90892756,1
10613181,МК-1 Групп,https://hh.ru/vacancy/101729708,1
4136548,Есипова Наталья Николаевна,https://hh.ru/vacancy/99671398,1
11013777,Аргентум,https://hh.ru/vacancy/101330934,1
10241737,ProТехника,https://hh.ru/vacancy/101946073,1
6175599,Аврора,https://hh.ru/vacancy/100286716,1
1290298,Прямой угол,https://hh.ru/vacancy/101473051,1
2960908,Группа Продовольствие,https://hh.ru/vacancy/99119349,1
3530,СДЭК,https://hh.ru/vacancy/100063072,1
6067126,Академия пластики и растяжки (ИП Долгих Нина Анатольевна),https://hh.ru/vacancy/101527038,1
5137145,ФГБОУ ВО АГМУ Министерства Здравоохранения РФ,https://hh.ru/vacancy/99920704,1
5281534,Транспортная компания Доставка Алтай22 (ИП Прахт Кристина Сергеевна),https://hh.ru/vacancy/101985618,1
82142,Крестьянское хозяйство Волкова А.П.,https://hh.ru/vacancy/101612700,1
6000351,Клиника доктора Татьяны Чечиной,https://hh.ru/vacancy/99920098,1
2245,Росгосстрах,https://hh.ru/vacancy/100068271,1
5791641,Самолет Плюс (ООО Самолет Плюс-Бийск),https://hh.ru/vacancy/98991914,1
4071617,PhotoTime,https://hh.ru/vacancy/100820114,1
588850,Megagroup.ru,https://hh.ru/vacancy/101272018,1
4551664,Блюдёнова Наталья Ивановна,https://hh.ru/vacancy/101222470,1
4828311,Есина Надежда Сергеевна,https://hh.ru/vacancy/101383777,1
5217649,Алтайский Промышленный Центр,https://hh.ru/vacancy/101928676,1
5770521,Зелёная миля,https://hh.ru/vacancy/100684354,1
9700583,Специализированный Застройщик Домостроительная Компани,https://hh.ru/vacancy/101686083,1
9632198,АлтайКапиталСтрой,https://hh.ru/vacancy/102074112,1
3388,Газпромбанк,https://hh.ru/vacancy/101526058,1
9179301,Стак Юлия Евгеньевна,https://hh.ru/vacancy/101253343,1
3479559,АвтоЗнак,https://hh.ru/vacancy/102093800,1
1054568,Мириада,https://hh.ru/vacancy/102050724,1
1191078,Доктор Мартин,https://hh.ru/vacancy/101721596,1
586179,Zias,https://hh.ru/vacancy/99560847,1
10734054,Холодарь Игорь Александрович,https://hh.ru/vacancy/101234183,1
1236074,Управление Росреестра по Алтайскому краю,https://hh.ru/vacancy/101414326,1
10882109,Белоносов Валерий Геральдович,https://hh.ru/vacancy/99835896,1
57996,Байкал-Сервис,https://hh.ru/vacancy/101710285,1
223164,Дата Маркетинг,https://hh.ru/vacancy/96270553,1
4719980,Центр Стоматологии Mercury,https://hh.ru/vacancy/100557265,1
2623126,Globaldrive,https://hh.ru/vacancy/98078896,1
1771271,АРТ-МАСТЕР,https://hh.ru/vacancy/100361098,1
10299227,Кальянная Мажор,https://hh.ru/vacancy/101414338,1
2548809,Binggrae (ИП Леонова Наталья Викторовна),https://hh.ru/vacancy/99202352,1
10961657,Стройком,https://hh.ru/vacancy/101912431,1
9275435,Гольцова Ольга Сергеевна,https://hh.ru/vacancy/102177067,1
9498112,Яндекс Крауд,https://hh.ru/vacancy/100851806,1
10738942,Корнеев Алексей Александрович,https://hh.ru/vacancy/101902933,1
4806125,Кофейня,https://hh.ru/vacancy/100336479,1
4685961,Гончаров Никита Дмитриевич,https://hh.ru/vacancy/102014721,1
3124222,Атон экобезопасность и охрана труда,https://hh.ru/vacancy/97067673,1
147024,Управдом,https://hh.ru/vacancy/98963312,1
1540371,МедЮр-Консалтинг,https://hh.ru/vacancy/101929016,1
3552627,Строй Сфера,https://hh.ru/vacancy/100352687,1
4369326,Индустрия Света,https://hh.ru/vacancy/101404494,1
125,Торговый Дизайн,https://hh.ru/vacancy/102171886,1
10271928,Фаворит,https://hh.ru/vacancy/99518753,1
540861,Аником,https://hh.ru/vacancy/100069747,1
10952500,Феникс (ИП Соколова Виктория Андреевна),https://hh.ru/vacancy/101512484,1
1041014,Математический центр,https://hh.ru/vacancy/99786031,1
50233,Сибирская продовольственная компания,https://hh.ru/vacancy/101817934,1
3586703,Экокурорт Марьин Остров,https://hh.ru/vacancy/102148745,1
1712573,BuyTheWay,https://hh.ru/vacancy/98158888,1
4034695,ИВК-ПЛЮС,https://hh.ru/vacancy/101319855,1
849631,"Копейка.ру, ТД",https://hh.ru/vacancy/101469360,1
8928233,СК ЛегендаСтрой,https://hh.ru/vacancy/101420902,1
10740123,Филиппова Елена Анатольевна,https://hh.ru/vacancy/101599193,1
2682026,Спецпроект,https://hh.ru/vacancy/101685018,1
5184547,Эталон Алтая,https://hh.ru/vacancy/100442717,1
2676358,АЗСМ,https://hh.ru/vacancy/101803504,1
4053658,Фирма Время,https://hh.ru/vacancy/100486441,1
2818486,Дом Солнца,https://hh.ru/vacancy/102047199,1
10464232,Чайный Город,https://hh.ru/vacancy/99569219,1
3210773,PINEWOOD HOTEL COLLECTION,https://hh.ru/vacancy/102099546,1
5441820,Олимп,https://hh.ru/vacancy/100556542,1
3547332,ТД УралСибТрейд,https://hh.ru/vacancy/101483274,1
3439598,СмартСтафф,https://hh.ru/vacancy/97722189,1
21085,Альфа-Медика,https://hh.ru/vacancy/99958036,1
2201912,Русская Ресурсная Компания - Сибирь,https://hh.ru/vacancy/91247473,1
9384599,Лоджик Транс,https://hh.ru/vacancy/100046279,1
2804661,Завод Гарант,https://hh.ru/vacancy/101301063,1
4583864,"1C-КСУ, филиал в г. Барнауле",https://hh.ru/vacancy/101612315,1
4131115,Воронина Анна Николаевна,https://hh.ru/vacancy/102046839,1
9630051,Интерполе,https://hh.ru/vacancy/99653916,1
4008553,СЦДС,https://hh.ru/vacancy/99813219,1
9747803,Транслайн,https://hh.ru/vacancy/99924202,1
4854160,Домотехника,https://hh.ru/vacancy/101227177,1
5642413,Алтай Филд,https://hh.ru/vacancy/101644049,1
11155451,Федерация воднолыжного спорта Алтайского края,https://hh.ru/vacancy/102092024,1
5139446,Алтайская Рыбная Компания,https://hh.ru/vacancy/101335963,1
9340246,Салихов Рестям Самиуллович,https://hh.ru/vacancy/101775769,1
3040459,Васенина Ольга Викторовна,https://hh.ru/vacancy/101385341,1
10896408,Кофейный клуб Чилимтамо (ИП Перфильев Денис Андреевич),https://hh.ru/vacancy/101610816,1
4023160,ДиПОС-Алтай,https://hh.ru/vacancy/101684038,1
2578423,EpiCenter,https://hh.ru/vacancy/101940915,1
710,Staffwell,https://hh.ru/vacancy/101451068,1
5713447,Макаренко Нонна Викторовна,https://hh.ru/vacancy/101617731,1
5179064,Два Этажа,https://hh.ru/vacancy/102084943,1
9245413,Гaзпромнефть-Центр,https://hh.ru/vacancy/98422180,1
618792,Барнаульский молочный комбинат,https://hh.ru/vacancy/101896876,1
2765056,КГБУЗ Городская поликлиника № 9 г. Барнаул,https://hh.ru/vacancy/102049512,1
5293102,Кибе-Трейд,https://hh.ru/vacancy/100453885,1
1865549,ПОЛАТИ,https://hh.ru/vacancy/102049378,1
4992611,НПП Лосев,https://hh.ru/vacancy/101423953,1
4917441,МСК Полимер,https://hh.ru/vacancy/102146725,1
8891296,"Shabba Barnaul, центр паровых коктейлей",https://hh.ru/vacancy/101417733,1
11069457,Beauty light,https://hh.ru/vacancy/101874141,1
9188038,Автомагис,https://hh.ru/vacancy/100473004,1
83056,Action,https://hh.ru/vacancy/101857168,1
2833361,"Барнаульский центр помощи детям, оставшимся без попечения родителей, №3",https://hh.ru/vacancy/102145944,1
1043017,Квадро Интерьер,https://hh.ru/vacancy/102174953,1
59960,"Шкуренко, Торговый дом",https://hh.ru/vacancy/101252441,1
4902373,Алтайские Напитки,https://hh.ru/vacancy/100675081,1
6031,КАМИ,https://hh.ru/vacancy/93587918,1
2766492,Березуцкая Татьяна Алексеевна,https://hh.ru/vacancy/98772714,1
1432924,Энергоснаб,https://hh.ru/vacancy/101471397,1
5794722,Алтайский Завод Аграрного Машиностроения,https://hh.ru/vacancy/101586241,1
3674075,Стройконсалта,https://hh.ru/vacancy/101911271,1
10375699,Колесников Виталий Васильевич,https://hh.ru/vacancy/101816786,1
10185423,Ардекофе (ИП Королёва Юлия Игоревна),https://hh.ru/vacancy/102053192,1
30637,ЛЭТУАЛЬ,https://hh.ru/vacancy/99705113,1
1038532,SOKOLOV,https://hh.ru/vacancy/102098768,1
11165703,Инженерные Сети и Решения,https://hh.ru/vacancy/102009536,1
4886459,ЦСТ-22,https://hh.ru/vacancy/99134440,1
4084620,АЗК,https://hh.ru/vacancy/100052536,1
8901722,ВИРТ,https://hh.ru/vacancy/100047589,1
11110586,Центр Современной Стоматологии,https://hh.ru/vacancy/100569897,1
2970774,АСТРОЙ,https://hh.ru/vacancy/100810555,1
11153437,Декор плюс,https://hh.ru/vacancy/101755529,1
10075711,Сальников Олег Александрович,https://hh.ru/vacancy/101913671,1
872911,Дилайт,https://hh.ru/vacancy/101688547,1
4342335,Ам-Сервис,https://hh.ru/vacancy/100788471,1
2529701,Стройинжиниринг,https://hh.ru/vacancy/97435714,1
8945528,Портнов Дмитрий Владимирович,https://hh.ru/vacancy/101313222,1
2148976,Кушай Суши,https://hh.ru/vacancy/102022140,1
6167582,Алтайский букет,https://hh.ru/vacancy/102048153,1
2730842,Райдер,https://hh.ru/vacancy/100304137,1
10532240,МАРКавто филиал в г. Барнаул,https://hh.ru/vacancy/101508133,1
10265911,Sinica family,https://hh.ru/vacancy/102160938,1
833155,Finbridge,https://hh.ru/vacancy/93456688,1
2651392,Барнаулгоргаз,https://hh.ru/vacancy/100555016,1
2660728,Акмилайт,https://hh.ru/vacancy/101739397,1
4653982,Главмасло,https://hh.ru/vacancy/101686096,1
3116478,Минькова Евгения Валерьевна,https://hh.ru/vacancy/101988390,1
3575506,Фогель,https://hh.ru/vacancy/99646921,1
10085046,Медведев Андрей Юрьевич,https://hh.ru/vacancy/100146890,1
1013312,Холдинговая компания Новолекс,https://hh.ru/vacancy/101710686,1
6016153,KLEVER resort & SPA,https://hh.ru/vacancy/99697239,1
3204278,РТА,https://hh.ru/vacancy/101077163,1
1473866,Сбербанк-Сервис,https://hh.ru/vacancy/101343956,1
2648270,Феникс,https://hh.ru/vacancy/101917402,1
11096025,Морион плюс,https://hh.ru/vacancy/100363225,1
3484886,ТОРГОВЫЙ ДОМ МЗЖБИ,https://hh.ru/vacancy/101918071,1
9319243,Мирошниченко Ксения Александровна,https://hh.ru/vacancy/102164694,1
3525575,Цифровые Системы,https://hh.ru/vacancy/101226025,1
2622578,Альянс,https://hh.ru/vacancy/101701006,1
8907764,Emergy,https://hh.ru/vacancy/101917902,1
9667581,RossoForni,https://hh.ru/vacancy/102176078,1
5246449,Автоскан-Сибирь,https://hh.ru/vacancy/97389804,1
3281121,Unipik ГК ПрофСтрой,https://hh.ru/vacancy/101688507,1
2130805,MACHINEHEADS,https://hh.ru/vacancy/101835772,1
4166788,Биллинговый центр,https://hh.ru/vacancy/42636573,1
4779219,Завод Растительных Масел Селекта,https://hh.ru/vacancy/100347846,1
9455837,Прохоров Николай Викторович,https://hh.ru/vacancy/101761338,1
10167865,СЗ ИСК Оптимум Сибирь,https://hh.ru/vacancy/101055825,1
10380506,Партнёр,https://hh.ru/vacancy/101692678,1
10778474,Алтайиндорпроект,https://hh.ru/vacancy/101902449,1
115911,Энтерра,https://hh.ru/vacancy/99830158,1
9612199,SECRETS LAN,https://hh.ru/vacancy/100316439,1
4881487,Туристический центр Горная Аптека,https://hh.ru/vacancy/100672923,1
11150820,Соловьев Роман Анатольевич,https://hh.ru/vacancy/101719282,1
10329001,Осипов Евгений Андреевич,https://hh.ru/vacancy/101524018,1
1040063,СтройЛидер,https://hh.ru/vacancy/101722674,1
5694696,Аркаим,https://hh.ru/vacancy/101814500,1
9616,КДВ Групп,https://hh.ru/vacancy/102153526,1
1207232,Пятачок,https://hh.ru/vacancy/102169683,1
5821596,Шашлычный Двор,https://hh.ru/vacancy/98674700,1
3999997,Корнеева Наталья Владимировна,https://hh.ru/vacancy/99671233,1
5447320,Дентэксперт,https://hh.ru/vacancy/100393908,1
4167397,Торговый центр ЗНАК,https://hh.ru/vacancy/54127693,1
3383043,КГБСУСО Барнаульский дом-интернат для престарелых и инвалидов (ветеранов войны и труда),https://hh.ru/vacancy/101028610,1
11062369,Балдин Вячеслав Сергеевич,https://hh.ru/vacancy/101175714,1
4271124,Предеха Михаил Борисович,https://hh.ru/vacancy/101540812,1
9426544,Филатьев Илья Анатольевич,https://hh.ru/vacancy/101756669,1
10296451,Я Доставка,https://hh.ru/vacancy/101957048,1
2460946,Самокат (ООО Умный ритейл),https://hh.ru/vacancy/101961378,1
10230744,Техсталь,https://hh.ru/vacancy/102072732,1
4886779,Министерство Культуры Алтайского Края,https://hh.ru/vacancy/99784821,1
8890840,Гостиница Турист,https://hh.ru/vacancy/100449313,1
11055128,Фарммедсинтез,https://hh.ru/vacancy/98701588,1
1625886,Специя,https://hh.ru/vacancy/101343266,1
9825537,Зубцова Елена Станиславовна,https://hh.ru/vacancy/101839475,1
4880,Детский мир,https://hh.ru/vacancy/96387624,1
2630243,Регро,https://hh.ru/vacancy/100802196,1
859579,АртКроун,https://hh.ru/vacancy/100981942,1
4134956,Юрист Для Людей,https://hh.ru/vacancy/101840140,1
2432499,Калманский КХП,https://hh.ru/vacancy/101869717,1
4286217,Яковенко Алексей Васильевич,https://hh.ru/vacancy/99520368,1
2928621,КГБУЗ ККБСМП №2,https://hh.ru/vacancy/100040080,1
3764266,7 кубов,https://hh.ru/vacancy/102070451,1
887103,СибМедЦентр,https://hh.ru/vacancy/95565406,1
5279054,Алтайский Винокур,https://hh.ru/vacancy/100449706,1
2715972,Юридическое бюро Лобби,https://hh.ru/vacancy/101418536,1
9392365,Попов Сергей Леонидович,https://hh.ru/vacancy/98992616,1
5702919,Корчемкин Денис Владимирович,https://hh.ru/vacancy/100309416,1
5500414,Трак-Мастер,https://hh.ru/vacancy/102048424,1
10305519,Слуцкая Оксана Леонидовна,https://hh.ru/vacancy/99607022,1
11096412,Мишурова Кристина,https://hh.ru/vacancy/100077912,1
2763157,Магистраль,https://hh.ru/vacancy/101736585,1
10301486,Производственное Объединение Сателлит,https://hh.ru/vacancy/98587276,1
176941,Азиатско-Тихоокеанский Банк,https://hh.ru/vacancy/102096779,1
3356692,Аптека Лек-Сота,https://hh.ru/vacancy/102050372,1
90437,Ренессанс Косметик,https://hh.ru/vacancy/101228794,1
10156,Интерфакс,https://hh.ru/vacancy/101760492,1
11089029,Фасоль (ИП Косенкова Татьяна Михайловна),https://hh.ru/vacancy/101893590,1
592620,Иверс-Авто,https://hh.ru/vacancy/99654116,1
3281893,ДАВИНЧИ,https://hh.ru/vacancy/100361105,1
3453287,АСЛЗ (Алтайский Сталелитейный Завод),https://hh.ru/vacancy/94266438,1
3201395,Аквинк,https://hh.ru/vacancy/98830914,1
11102577,Порохина Ольга Витальевна,https://hh.ru/vacancy/100443303,1
9721025,Ремпролайн,https://hh.ru/vacancy/100590886,1
4283253,ТК Энергия,https://hh.ru/vacancy/101808712,1
9521752,Регион спецтехно,https://hh.ru/vacancy/102091400,1
2240557,БОЛЬШОЙ,https://hh.ru/vacancy/101335677,1
2941566,БПЗ-прямая доставка,https://hh.ru/vacancy/100699834,1
2758738,Партнер,https://hh.ru/vacancy/101227315,1
5617436,Торговый Дом РегионЭнергоРесурс,https://hh.ru/vacancy/95727335,1
5799738,Международная Научно-Исследовательская Академия,https://hh.ru/vacancy/98906762,1
2271455,Умная ферма,https://hh.ru/vacancy/100361822,1
2725242,Ангар 18,https://hh.ru/vacancy/101381665,1
2671,"СНС, Группа компаний",https://hh.ru/vacancy/101198706,1
9939631,РИНОСОФТ,https://hh.ru/vacancy/101419999,1
2629223,ЕТО,https://hh.ru/vacancy/101686133,1
2511790,Витамин Продукт,https://hh.ru/vacancy/100807781,1
11136046,ИНТЕХМЕТ,https://hh.ru/vacancy/101386714,1
703900,Птицефабрика Октябрьская,https://hh.ru/vacancy/101475394,1
2508687,КДЦ Добрый доктор,https://hh.ru/vacancy/102147638,1
9394986,Проскуряков Иван Константинович,https://hh.ru/vacancy/96602449,1
9842035,Автокомпас 122,https://hh.ru/vacancy/99074967,1
4352,Почта России,https://hh.ru/vacancy/102180438,1
2061654,КВРП Новотранс,https://hh.ru/vacancy/97070336,1
3729600,АлтайВторМет,https://hh.ru/vacancy/98124148,1
3398024,Ресторан Казанова,https://hh.ru/vacancy/99686516,1
4108694,Sahar&Vosk (ИП Деханд Евгения Юрьевна),https://hh.ru/vacancy/102018086,1
893335,Китеж,https://hh.ru/vacancy/101477496,1
2690553,Бийская льняная компания,https://hh.ru/vacancy/102094420,1
4724652,Кубик Центр для детей с РАС и УО,https://hh.ru/vacancy/99987224,1
5091895,Сеть кальянных и кальянных магазинов 12К,https://hh.ru/vacancy/100156522,1
1689259,JCat.ru,https://hh.ru/vacancy/101624568,1
419015,KINETICA performance agency,https://hh.ru/vacancy/102061087,1
1349023,Объединение компаний Алмаз,https://hh.ru/vacancy/102049457,1
3158152,Партнер,https://hh.ru/vacancy/99522915,1
9306841,Карлова Елена Анатольевна,https://hh.ru/vacancy/100243606,1
10097798,BIMTech,https://hh.ru/vacancy/101399067,1
2539141,Континент,https://hh.ru/vacancy/101782030,1
5475498,Юридический центр Анны Маевской,https://hh.ru/vacancy/99736699,1
1097950,Зонт Хотел Групп,https://hh.ru/vacancy/102084777,1
1532685,Элитный Сочи,https://hh.ru/vacancy/80671938,1
399,DPD в России,https://hh.ru/vacancy/97927611,1
4164279,КГБУ Алтайский Краевой Ветеринарный Центр по Предупреждению и Диагностике Болезней Животных,https://hh.ru/vacancy/98881141,1
5721345,Сивка-Бурка,https://hh.ru/vacancy/101225025,1
1286950,Гостиница Русь,https://hh.ru/vacancy/97456246,1
10167852,Колодеев Максим Александрович,https://hh.ru/vacancy/101448258,1
10042844,ТехКом,https://hh.ru/vacancy/98991872,1
3512675,А-кулер,https://hh.ru/vacancy/101090267,1
9539269,Спец Монтаж,https://hh.ru/vacancy/102054067,1
5468175,Индустриальный районный суд г. Барнаула,https://hh.ru/vacancy/100484500,1
4602370,ДжиЭмЭс,https://hh.ru/vacancy/101739713,1
9665513,Юдинцева Виктория Олеговна,https://hh.ru/vacancy/102051913,1
10410764,Даль-Восток Сервис,https://hh.ru/vacancy/102088923,1
11092348,Иванова Татьяна,https://hh.ru/vacancy/99908297,1
7595186,ТС МОНЕТКА,https://hh.ru/vacancy/101308926,1
3162820,Технокомплекс,https://hh.ru/vacancy/101546928,1
2191349,Рост,https://hh.ru/vacancy/100298208,1
6097287,Первый,https://hh.ru/vacancy/101336949,1
11056725,Кехлер Вероника Валерьевна,https://hh.ru/vacancy/101361312,1
10406322,СЗ РЕГИОНСТРОЙ,https://hh.ru/vacancy/96777374,1
3853583,Компрессор центр,https://hh.ru/vacancy/97703565,1
2085282,Корпорация Tavela,https://hh.ru/vacancy/91073829,1
5173587,Кемплант,https://hh.ru/vacancy/97087718,1
10406444,Спутник СПБ,https://hh.ru/vacancy/100061977,1
1841797,"КГБУЗ Детская городская поликлиника №3, г. Барнаул",https://hh.ru/vacancy/100326573,1
1873,NOVAROLL,https://hh.ru/vacancy/101453510,1
5904642,Кирпич,https://hh.ru/vacancy/101840810,1
60128,Элком,https://hh.ru/vacancy/102077139,1
138432,"А-Диск, Группа компаний",https://hh.ru/vacancy/92820758,1
10641077,Вайнот,https://hh.ru/vacancy/97535673,1
10395590,Счастье,https://hh.ru/vacancy/100794578,1
11112933,Арбитражный управляющий Болсуновская Наталья Юрьевна,https://hh.ru/vacancy/101451189,1
5860233,Тихоокеанская Строительно-Производственная Компания,https://hh.ru/vacancy/101901279,1
4465677,Бубль-Гум,https://hh.ru/vacancy/97948345,1
4833871,Торговый Дом Атлант,https://hh.ru/vacancy/98580422,1
1149171,СИТИ,https://hh.ru/vacancy/99523212,1
2931950,Группа Компаний Мечел,https://hh.ru/vacancy/100666576,1
8952246,ФКУ КП-2 УФСИН России по Алтайскому краю,https://hh.ru/vacancy/101815384,1
2908041,"КГБУЗ Дом ребенка специализированный, г. Барнаул",https://hh.ru/vacancy/93571548,1
3643032,Лофт,https://hh.ru/vacancy/100691621,1
2308678,ПС,https://hh.ru/vacancy/101850075,1
2736474,КМ-01 (Мастер Пласт),https://hh.ru/vacancy/96999511,1
4435675,Altairika (ИП Пластинин Юрий Юрьевич),https://hh.ru/vacancy/100344281,1
11077606,Жидков Арсений Александрович,https://hh.ru/vacancy/102077036,1
4818590,ЭнергоСтандарт,https://hh.ru/vacancy/101420309,1
2704220,КГБПОУ Алтайская академия гостеприимства,https://hh.ru/vacancy/101523707,1
969031,КАРИ,https://hh.ru/vacancy/101859726,1
5769568,ОВК-СТРОЙ,https://hh.ru/vacancy/99914279,1
2345549,Барнаул-Моторс+,https://hh.ru/vacancy/97209414,1
5826077,Салон красоты Saxap (ИП Шейко Екатерина Александровна),https://hh.ru/vacancy/99595877,1
85385,ЭЛЬГА,https://hh.ru/vacancy/102057509,1
3516109,Сибирские инженерные системы,https://hh.ru/vacancy/91764866,1
2820829,ПромКартон,https://hh.ru/vacancy/98994315,1
2974228,Герметик Плюс,https://hh.ru/vacancy/101665472,1
1138419,Триера,https://hh.ru/vacancy/101916249,1
5514086,Арбат кофе,https://hh.ru/vacancy/102022117,1
11058311,ДогМакс,https://hh.ru/vacancy/99697133,1
1976232,Фактория Джинс,https://hh.ru/vacancy/100786628,1
10967565,Тонар-опт,https://hh.ru/vacancy/98915556,1
2625494,Апекс-ССТ,https://hh.ru/vacancy/99927908,1
8063,Курьер Сервис Экспресс,https://hh.ru/vacancy/101700745,1
144335,Группа компаний OPEN,https://hh.ru/vacancy/101886534,1
2353877,АЛТАЙКОМ,https://hh.ru/vacancy/98790521,1
3536822,Whoosh (ООО Вуш),https://hh.ru/vacancy/100597316,1
4173118,SuperStep,https://hh.ru/vacancy/100691969,1
11127079,Белходжаев Рустам,https://hh.ru/vacancy/101175587,1
10348272,АН Подкова-Владис,https://hh.ru/vacancy/101264027,1
932307,"Sakwa, Компания",https://hh.ru/vacancy/101734985,1
3127,МегаФон,https://hh.ru/vacancy/100082485,1
